Server_ID,Hostname,IP_Address,OS_Type,Server_Location,CPU_Utilization (%),Memory_Usage (%),Disk_IO (%),Network_Traffic_In (MB/s),Network_Traffic_Out (MB/s),Uptime (Hours),Downtime (Hours),Admin_Name,Admin_Email,Admin_Phone,Log_Timestamp,CPU_Status,Memory_Status,Availability (%)
536c9e75-40a1-4a74-8ca6-c6abaec13999,srv-web02,5dca26e20f5db891a2b83761c30b709f8dec13cda095e0ed7ddf8198bf394de8,Windows Server 2022,"Berlin, Germany",28.1,88.6,28.36,31.13,52.54,18.49,5.51,John Duarte,06fa21277cb96133751e971675ed256ed107959a21c82ae44ec61d6a1e744f34,4a924526447cfb06ceedc515853cbe266dc3a616b916d58f77f32d56e45a5328,2025-03-11 16:45:00,Normal,Normal,77.04166666666666
26bae71d-c025-4082-9484-ef7aa9e04836,srv-web02,da33ac4b5d8361cd95fd6e1cb0f0e5f3c99e94b4cea748ad960ef7db96efb84c,Ubuntu 20.04,"London, UK",49.72,84.35,73.89,123.34,97.1,19.71,4.29,Abigail Montgomery,190e21a7c1125de03fab4c8322539d2261b89a1f695dd009b4cfb41a909f2330,29496c7588a860f1e51f48452bbfcfec75edd784de352644bb0f0de934282cdb,2025-01-25 10:59:00,Normal,Normal,82.125
454de38a-5961-490f-9d46-d20663a36baf,srv-backup02,81cedbec6e5daaf5c5de52b3098eb3c5fa7a5a713a059fbf4dc8f680490272be,Red Hat Enterprise Linux,"New York, USA",44.72,57.64,14.94,69.6,112.81,18.64,5.36,David Jones,ea8bd6563fcdf9095ff0cb11365496d49fb69e681b1d37c668b6fbe5aa7dfe0d,bf8a7f53661c312aa138760f9964057a08a6c3e96df6169e2b55597189060026,2025-01-29 08:31:00,Normal,Normal,77.66666666666667
8b8a3f40-1b67-4fe6-a65e-93fd07f317f7,srv-web02,9c9f12f1cc26d0a3cd6ca7a9fe8ed65c7838ab7ca463d88bab48b284ce553048,Red Hat Enterprise Linux,"New York, USA",37.69,97.97,71.46,62.97,148.51,18.14,5.86,Dominic Richards,15939ddb032389f1381ce66e9a08367724cdf430501de83b6cfca99c710d4de1,0138116ea951ebe34ed67ca53989c434d74ade1925bd13e7b0aa7c88b5954b5b,2025-03-01 16:49:00,Normal,Critical,75.58333333333334
375cb3db-89d3-4705-af4a-8f829cce1928,srv-app02,37636e9c317b101f00ac62c6c806e991286a72664456ab9bb52c58cd287915d0,Windows Server 2022,"Tokyo, Japan",63.97,67.31,96.46,45.33,131.5,22.78,1.22,Paul Edwards,355df90c91b43b42217bbf3760e863decba7300ef975c6acc91a16bd169c176b,3d59156a0be829e249e864ebfe21b37a048b5664c8ef1f9cae05dd873c444fb9,2025-02-21 11:02:00,Normal,Normal,94.91666666666667
9a90becd-5be4-4d03-b1fa-1ffa70cb11f5,srv-app02,72386097766ccd04792fdeb8d6c7f7f51abc80acf45c0d568dfe4b4958147ad4,Ubuntu 20.04,"Tokyo, Japan",20.29,24.65,66.56,60.59,133.97,18.68,5.32,Thomas Pearson,3828ee769c2b593d1ab3c795a54e027b46d3cc99fc1a50cd5beb74464e9936f1,cdc322ad8061935f66db8a2a6b71b8e4147f2e1671a5015ce507efaddc772823,2025-02-13 19:44:00,Normal,Normal,77.83333333333333
c2ba6509-caa4-4720-8633-cb7565e9947c,srv-app03,20ea678ee8cd80cf7df8ca45e1626dda9b2322bb794e75970e2ef879afa687d5,Ubuntu 20.04,"Sydney, Australia",36.45,59.28,18.46,47.7,86.57,22.38,1.62,Richard Goodman,a88c5ae48b5b6b12b8b47ac3f409009b0ec3f5c713738de414a2cf676a3ddce5,fb83a1f798c1c5e012e1dc47a5449c7233e37d9ac2cc5083f2d34fa2aad11996,2025-03-09 14:58:00,Normal,Normal,93.25
8e52d19d-1e84-466e-8e25-d24ae27434ab,srv-web01,4f93cb9fe6242e817b34df1766767d4e438ac0a801efaba1b8fe8314e080aa4a,Ubuntu 20.04,"Tokyo, Japan",12.62,86.98,18.54,102.76,11.03,20.3,3.7,Jessica Day,eeead00101ad4306be390edde80e00555f5e49ef55e8ffe4c5d37ae33fb50792,dc20ce676956228f8e94ca4af05e7327cc9ae72d339ec2a462c2a06bb629aac9,2025-03-06 10:06:00,Normal,Normal,84.58333333333333
95de17b4-60ec-4ea0-a79c-7faecdb85275,srv-app03,922604f3c9a16a76894a9c59426394452e89c0cda257cefe8235139afb3bfdae,CentOS 8,"Sydney, Australia",75.49,73.48,93.03,29.02,22.0,20.49,3.51,Stephanie Petersen,4b40e37021c7791b8ac9d90fb3d75ca6f2a5957848b0e0cbb91fb0bdaaa7c7d9,4f97f5f2938aa18b21020eb16ea8d2f03cbdaad47ecf9bd0619a06b547306eb2,2025-02-24 14:29:00,Normal,Normal,85.37499999999999
4aa1fa83-c575-4d81-a1c7-f1ed5395a0f6,srv-analytics01,2f99871f4162feac3cf027bb8873dc681657b0c0aa5dfb2afbdb90107e2e568b,CentOS 8,"Tokyo, Japan",88.3,24.14,25.99,67.86,120.95,20.19,3.81,Aaron Marquez MD,822468f4b01f17c82073ea9dca4a0b053d883b9231ef393d55e839f1601666f6,284e94e637acba5c5f74ce12df31f59ebd31c189963a44c006af145cb03a0ba9,2025-02-20 18:41:00,Critical,Normal,84.125
28fe2731-7083-4dd0-97aa-e535ecd8842f,srv-api02,597c8ace853a4261e81d089bec980106ca07b824d5c0e5178a86c133825968a6,CentOS 8,"Berlin, Germany",12.99,58.45,27.97,72.81,122.67,19.96,4.04,Samantha Allen,a65ba2e2f6b0aadc78f30993c6cc3994c56566113c2d3ce1a933a894690e5993,6f30788110a0c3a94f295dfbfec969e5255d23f7bdb3c62c191c27600223920f,2025-02-18 03:53:00,Normal,Normal,83.16666666666667
c2596d33-afee-434c-ac03-a277135eabdd,srv-api03,f2f60c871df00d64e974f62e046234865f7a4e684c636390e35caf490d407161,Windows Server 2019,"London, UK",41.71,59.25,36.54,22.89,86.55,22.89,1.11,Allen Collins,ece5dfa77e3757bb513304a29e9b144dd3ff48e2442b4b7aafd81c2388035366,42b6b393983e01e783b949ee85a66462f3f4253fbcf2f7190529879bc590515e,2025-02-14 14:24:00,Normal,Normal,95.375
c137b910-3675-4dbd-9353-3ba607e98cb0,srv-backup01,9bce6f9b2130d153586fadf8a905a0c7d63261e0538975557ace8d2aeda1a38f,Windows Server 2019,"Sydney, Australia",55.22,68.63,10.85,28.02,11.73,20.64,3.36,James Stewart,106ae400ac134b41369868c65923f63c9f0887d1a5a55aa2b747fe4e6471cfbb,b67344707256205780d1b5f2bf0b48427ced88be047f092dcb40403c96e9b0d5,2025-01-15 21:24:00,Normal,Normal,86.0
b2607e67-2bd4-4a90-a786-212775f24f61,srv-analytics02,bf4385d862fe7e91e96b45d0ea4f868cd298b6a933c85dd373f29f9a20729b9e,Ubuntu 20.04,"New York, USA",86.03,27.24,90.44,112.72,90.19,21.86,2.14,Jesse Ho,981131d98b3a2372a88f0790c862e18d020cedf44f823daf1df4189ac79f441e,9fe5a77a38ef717d06f4e351b6582f381a5105d93da261bbc95de215989dc2e1,2025-01-25 21:29:00,Critical,Normal,91.08333333333333
08ac5795-9603-4848-9fc0-f20307b026aa,srv-cache03,b0c2264a1efcab07f99ddf286fa76ed8ed5d870a41797381f24b1989c883aa17,Ubuntu 20.04,"London, UK",17.66,79.55,13.41,67.99,71.75,18.49,5.51,Thomas Schmitt,6f101b05a7f5c26c47f5a05f336bc06df836f8dfd7a3ef7119b5c02272cdd355,b32b0a8f6395effc7ec7f054be09a209b9856526778fac00be8a8822e5dd907d,2025-02-07 18:43:00,Normal,Normal,77.04166666666666
352c6356-d76e-47d3-bb86-ed94aa70f82f,srv-web02,bae6f08d5e6de1ba281bcf2faa5a62f968e4db1228231c560834be7eac9f693b,Windows Server 2019,"Sydney, Australia",29.51,76.82,30.39,83.17,21.74,21.79,2.21,Shawn Ryan,6cf6dad6ba6bd0e8d8427f626fced846ff0cc89491d9e814a7aae36d9373a191,980070000de45d56ce3203915d3739d1363bd0a8f88433817598050d8cdf8ada,2025-02-10 15:01:00,Normal,Normal,90.79166666666666
9013d12f-a90e-492c-87c5-5a5811887394,srv-analytics02,5a3ef012aeab568fae8217079ec65259f01209e7507426181509107b1d6d3697,CentOS 8,"London, UK",43.74,73.84,20.42,25.4,15.76,19.42,4.58,Roger Trevino,70724518b963db96f78f6bf75bd11b917987aa9506486feae98f4b78d48588e5,af8b42cbc6d83a4d33be93d81ca805953d6552cb58fd44c3397d85bd79016ca9,2025-01-24 06:22:00,Normal,Normal,80.91666666666667
513d5310-3933-456b-a835-221f2df6c1fe,srv-analytics03,6423549a6fafcfdae4918e7c3d16d0d6f6e79adcd81cc0a855b18a3a408d239c,CentOS 8,"Sydney, Australia",51.65,30.42,16.69,68.42,23.09,18.21,5.79,Kaitlyn Guerrero,c6421819082c257b4147b77f402c0ec5c0d7c74201530a9d0a6448cc13692454,1e474626038ccd5538fca7746bf2a8318d334e71703a3ed3e5048bd8ac0f9c84,2025-01-17 22:38:00,Normal,Normal,75.875
e9ad7958-83df-47d8-b536-94bf53df2d92,srv-cache02,91db1f3ef6429d698345e455745516e750e96ebac1588ec8882c9218c8684bf5,CentOS 8,"New York, USA",23.91,91.49,31.45,121.68,84.93,19.66,4.34,Alex Schroeder Jr.,6d540ad805362bcd5e22a69fb7f2c9f329d15ff7006b245f99f83964f461f878,eae4e1a0d801bb98ee3ab99fdee88e5872f94671537246a9d9d00406e92b04d3,2025-02-06 00:58:00,Normal,Critical,81.91666666666667
3145367a-2b21-41fc-8eef-1d92088de8a4,srv-api02,5dfb26472f633d609304d47fa4326721ae181656868f9febcba8e310566f7250,Windows Server 2019,"London, UK",88.99,42.49,91.11,132.52,35.24,20.57,3.43,Charles Wilson,d9868ddbd6915ff8d495dd5893d4e3cc5d0958c04976cdbbbe12e365ca84bd59,5231ade097671aad3e65c92e29fdd4075dffa05fdaf88eb7f72ec5bf8f34f1e4,2025-02-07 05:21:00,Critical,Normal,85.70833333333333
4d55bfc7-c27e-42d9-b271-c49770de3164,srv-cache03,6095fce467a2499a80fbaa3d614ada263f7b38210d9ace7bff16d0e4fc336cea,Windows Server 2022,"New York, USA",38.03,68.66,45.14,31.47,92.3,21.36,2.64,Cody Mckay,c5abbede7d09c708fb9360e4aabdb2e9fd112f7fd5a85baea59012d36ec37718,a684928c2c70d627597bd6859a01177fc3ebedcbeb6535a240c235b0b86918c1,2025-03-08 10:54:00,Normal,Normal,89.0
a23db8da-5330-4089-9a05-4ac1390954b7,srv-database03,eacfe21eba3b97a9422c978aa41c4f325b1199e8846653f26a4b719dc1843032,Red Hat Enterprise Linux,"London, UK",34.04,91.66,33.55,43.35,91.64,19.1,4.9,Patricia Williams,3c65d01076c5639fc595f8ad521676ee5e6dab63b9cfad4dd1116b202342dfbf,6f2ee810f7ac44c8972bd68e01575a9a51290176b4d7ebcdac27a6ba48a34faa,2025-02-14 11:12:00,Normal,Critical,79.58333333333334
08da88a1-335a-49bb-8722-34fad4ea1661,srv-analytics01,39bcccb68c8677d88c5166928fbe665070334a60464a46c1c09468d74e6e27ac,Ubuntu 20.04,"Tokyo, Japan",82.13,39.08,84.13,119.23,118.19,22.66,1.34,Paul Aguirre,654c44e0415024bcbbc03340b843b65ef257c6158c0f891970059d1b6b386dfc,ca0d7f0c4960f7da929754fdb02b5299bed8e011848e2a714d030406de10c8f7,2025-01-19 18:58:00,Normal,Normal,94.41666666666667
d7db56e6-7774-469d-8f7c-c3abe49869bc,srv-database02,2a99d95063daf93f3eab0974c35c01ea1c0651f3a2861b76cd2cce09068d7403,Ubuntu 20.04,"Tokyo, Japan",95.86,84.95,88.47,10.45,143.23,18.61,5.39,Amy Morgan,0dde322d75de19bc091cb7194be1ac2f0e989b3ade8c6305aee89b188c2fb841,90178d3a65218de4968ced31c5928c553d9588aff115d3dd48717e0828c15f57,2025-02-06 21:54:00,Critical,Normal,77.54166666666666
fdc77db4-cab0-484a-90ed-988aa059d0f8,srv-backup03,8751edf55ad325f3c91a852f0f3471497ac57bd187e8d7a3b4ff5edb94369b47,Windows Server 2019,"New York, USA",65.54,49.61,18.96,17.75,117.58,18.96,5.04,Roger Anderson,2966f91077310825ac87e0c04f84bac2521b71f27cc14df38c51a235f4f37e92,3ab6fce8579d5cc1e4eb2371fc365514e0c1cd72f8e5f4fddbedcaf809113911,2025-02-20 21:09:00,Normal,Normal,79.0
fc139a27-9e59-479b-b13e-61a6e991e656,srv-app02,f38352d720276f49c0a7740a0606c2c5dc7d8d88184f33cf24ea4f7a162ba109,CentOS 8,"New York, USA",49.86,66.94,58.26,16.53,98.81,22.59,1.41,Richard Robertson,6e3436c28f711ad3523553b58f7542b11be8843320333a8c58fdab027f625393,223bc761f94bb21fd7b53b3464c498c22caf669fc6ec3c6fe6acfed09cb099b5,2025-03-08 05:21:00,Normal,Normal,94.125
a17ab97c-13bc-4b4e-8118-1a36a0b4deb0,srv-analytics01,40e51e0490be61dc216f40ffe027b5c18eb4978725aa066f13d71460c9cd62df,Windows Server 2019,"Berlin, Germany",75.58,46.4,11.81,28.35,73.01,22.84,1.16,Tyler Le,c88e91eb063a1b78060031709868f2d6e75fa8f5cc8b6a723160c5f8891cd92b,1825c9f069bbe2d4749f5f3457cd52006d784a5a10de05382a368ac0c8f826f8,2025-02-15 10:13:00,Normal,Normal,95.16666666666667
ed8a0d8e-4ac0-402e-b843-7d75c42290e5,srv-app01,a1bdc286d1bd2a1a96419236281aae057c2fa1c0e2d620d2ac60f215f41ee9dc,Windows Server 2022,"London, UK",71.17,87.33,89.55,79.05,114.25,18.58,5.42,Brianna Perez,4c80c541ada6eb0985836097c0b8ea7e35916b1852ce348cfc35625e82f5be3e,bd5ec6307cbcbae26bd55cb5ec95dbe7c0d2935a4a14e0f6cbac1b6ea7d1638e,2025-02-23 03:36:00,Normal,Normal,77.41666666666666
ae7df33b-0c12-4151-87af-c74f30afd233,srv-backup01,75066429714bf8630dd40136dd118440e9ed11d29c9469015e4b9bfa2a739800,Windows Server 2022,"Tokyo, Japan",68.1,39.47,88.96,75.64,141.35,18.09,5.91,Amanda Holt,3da07d26af724ef5a9a69c31d92fab24b9e7a8f3476ffa12333d7e62f80e3796,97362feeb22c78d8f5757ff2561a1b17f27acf8175799dbefd8c638d8a488d26,2025-02-02 06:32:00,Normal,Normal,75.375
8b98821a-6cef-445c-b007-4ca8eb18563f,srv-cache01,f1761add5fb0d06ce0403e45219d72b3928511bd117db77922cd4c36b8eefcef,Red Hat Enterprise Linux,"London, UK",49.97,41.02,97.5,62.77,78.02,19.24,4.76,Elizabeth Rodriguez,4aacda04f283e0c8ebc4b55210cbf6e600619a96db088c9b408acce38a1aec7a,2fbc15471e60b11977b40a59ab9c81a9ce0431ac2a5f6fc88678c41107e27dea,2025-02-26 03:27:00,Normal,Normal,80.16666666666666
af0bb3fb-f46f-4eda-b608-67393ddbc67f,srv-analytics02,daa89d18188093cb7b6119a6ad73adcd2047fe95c112a1380e2419f36b6d5564,Windows Server 2022,"London, UK",44.67,32.45,21.09,140.55,74.98,21.89,2.11,Michael Hunt,608ff8ef13c5fe9e45ab157427aa16a9bf994b6c6530b9f35aac716c22c1d7e1,4272908575c3ba986bec0e03ccd183d8ea5532ebc945d12029ebe4a44e085af5,2025-02-20 13:39:00,Normal,Normal,91.20833333333334
f9aa7de8-8fec-4850-bb5c-590d1fd3b179,srv-database01,683b696e523f0052d01a90e5f216dfa09f5bbab11c6e4bae89fb29dc7387f365,Windows Server 2022,"New York, USA",95.33,81.06,42.16,92.46,63.8,21.2,2.8,Michael Richardson,0605736ffc896bbc83246cd4994cc4d8baa5ba68141bb8d021c90ad6d33fe75b,de10464e4377e384d3fc2df47b60ac343259e487dcc81aeabd7d727f2660f235,2025-02-19 19:53:00,Critical,Normal,88.33333333333333
32f0a94c-9d01-4d3f-9769-4d1ff9acf7d6,srv-analytics03,6650ceae92e75a63e757b1dea112f27e8ba9218a31128d80df75c62caa29c638,Red Hat Enterprise Linux,"Sydney, Australia",66.37,41.0,81.15,134.57,112.61,18.95,5.05,Mrs. Katherine Garcia DDS,f8d56fcefbc48ea8b2f7e668d395d90c9cd2654909b21021a971ec6002ac45fb,4e6f85389f7b9763cfec19958d2726f4b9dd4c4bb763b3340ca80a28131293ed,2025-03-09 22:41:00,Normal,Normal,78.95833333333333
a8fcbe97-16a7-4408-a2ad-dfbd2c531107,srv-database01,a4831fdfcd289e6c2222b9d387f3114d3edd4205c0c8a89be38973939e0fe3a7,CentOS 8,"Berlin, Germany",45.87,72.67,61.55,142.08,147.92,18.01,5.99,Joel Juarez,61326edd9fc4ff27713df5caba7c0998aab6c2ec5aed6b0266ac9c25f3b2dbcd,9fb0e1b84e5f54fd0a91743de527dcf8c10e7d3f37fe6acc06869bf54af1931f,2025-03-01 16:46:00,Normal,Normal,75.04166666666667
a70f79c3-66c6-4c43-820b-7b0f220277ae,srv-app01,0c0e011f7cb3779c752de3da9ab988aba9bce2be9291c865e9ee87bb18304573,CentOS 8,"Sydney, Australia",93.07,59.55,56.15,11.73,103.41,18.46,5.54,Bryan Wilson,f7fbcff59e1f6e7db0a296a81aa7d5eb68ad65976ad786a79aed5e1e2fce9487,14c0e417294d89855514f1a1e4d21890710fe69dfdf8aa968cd42810f9109d48,2025-02-27 10:15:00,Critical,Normal,76.91666666666667
231ff169-049b-469e-afe2-106af40e371e,srv-backup02,25cf84c243807b28022f9a0190ac079825085a68cd3bab87bd9a6bbae5e1bb80,CentOS 8,"Tokyo, Japan",76.93,56.28,92.79,15.82,27.08,19.95,4.05,Jennifer Vargas,8097674383617404ec42a2780f378a7596aeef7bd520419ee8f4f1721e71c584,d34bfa9b306314cb49466b7c6fe0172b2c975c91fc16b12793f37d9151ce11ee,2025-01-22 17:21:00,Normal,Normal,83.125
1ce1db28-d790-4d9b-ab97-a4fca8dc8779,srv-api02,9c7b8ac9d2a9d2dc931cd9eafb3f779367431b02296dbca0e0007f9cfaf0f624,Ubuntu 20.04,"Sydney, Australia",35.8,28.95,68.74,108.85,60.86,22.99,1.01,Charles Chan,75ae80ed9403d09fb36729ec30300b9e8417a50365328314ad96b970dbbc1821,a62f347a6f8cc71056e66c75be96ef2ee0994f77c5669efed8ece29c68d69ce5,2025-02-26 07:51:00,Normal,Normal,95.79166666666666
9a6dae07-ccb4-4e9c-8613-5b43b4975e86,srv-analytics03,31ae5ac162024da9dc9b8c8b1d0e2262b152f465df38ad8e9b1e52e0f469f8dc,Windows Server 2019,"New York, USA",63.94,48.38,27.88,84.25,125.11,20.18,3.82,Joann Chambers,5b1ad74f4f0a97113559d01e7a74224aba6e6c1e97b343a4be1689fd493953f4,8f779ef148b055227a07dc96b9d34c9b85f7d672ab0e8dc778add2b59e3e6e77,2025-01-27 08:44:00,Normal,Normal,84.08333333333333
a7c76fdd-51bd-4184-95e0-816870acd370,srv-web01,c44dc125c6223c3a5d861c1683d784aaca96956753e0abed7072311b00514711,CentOS 8,"Sydney, Australia",90.0,62.69,13.56,120.22,99.88,21.38,2.62,Samuel Stewart,6d540ad805362bcd5e22a69fb7f2c9f329d15ff7006b245f99f83964f461f878,97b9981f826f057186b824a678fbe670cefbc79434d9ac64cc21341030c2429c,2025-02-08 06:50:00,Critical,Normal,89.08333333333333
dbe127fa-83b3-46ce-823d-0a2cdeab02c2,srv-analytics02,718b0925cdb8b3d1dbdfa1da301929f3948c145aacf50a151319022ff0797918,Ubuntu 20.04,"London, UK",88.46,72.3,26.69,126.83,43.41,21.98,2.02,Ashley Tran,99c28efcc383b34183f932ecf09c1db3659a25661a79afb98e16773e9c01d76c,b77b61ccf4d2d161729ef2c13c0c0f44ce735e3d6eeff649c430bbc65b9ff32f,2025-02-15 01:14:00,Critical,Normal,91.58333333333334
3761fb3d-cbbe-4c10-b712-6069e3b8f788,srv-backup03,1dc6dd2fd3e4c60b11d578d6dcfabfdd71f8faff6c00f5ff160561c99610ed31,Ubuntu 20.04,"Berlin, Germany",93.09,55.27,20.66,63.86,88.11,21.47,2.53,Russell Miller,1146d8b3705851ce44d314a28bf7f8df06b959e0e83c4eb6011951f78f00d3aa,b47d092fc2d48dd5d9596e0e922c97e1456b0806872f05313e3e3c429b33f5d0,2025-01-20 09:04:00,Critical,Normal,89.45833333333333
e337f92b-bf7d-49b9-98a4-c11b2399116b,srv-analytics03,070934046077fa926738c2cff815de09df123d405415734e57548b29069db648,Windows Server 2019,"London, UK",63.86,82.91,23.01,16.73,128.57,19.79,4.21,Sabrina Brady,cad23c75dfa53a517e59a1df0c303c11fc99040179938702acc1ca542c358c2e,66db4ca28cfc2df57f6e008e0b6652f2237b4f1f4ab8d58c2da7182db7017f2f,2025-02-04 09:33:00,Normal,Normal,82.45833333333333
b6168a70-520f-49bd-9fe1-fd673f7d8b14,srv-database01,2a3db16eb2513e7ab29216001653e57dd197467d52a4b254000d6f9a15e5407d,CentOS 8,"Berlin, Germany",94.59,81.31,83.31,111.1,84.15,22.21,1.79,Kayla Frank,c81f53c3626dae7fa9749fdece510d5596985b24363956c1ba63225190ae3056,1f095af48978141a2825f681b52caff12ddff6c38b6de5b4596dfba6698664d6,2025-03-01 07:24:00,Critical,Normal,92.54166666666667
60158035-6a06-47a7-ab95-636f9364b04c,srv-app03,c093462eeb1349917c84e3dcf8f45387911633a36b88c996ba51fd6afadf93db,Ubuntu 20.04,"New York, USA",96.18,75.8,98.98,87.12,132.49,18.81,5.19,Amanda Fox,e71557c836d49ef30b3ebba41b07d5b4c0c8c32385232b0f26f79d8b0c0db14c,f4982f91caf26b55a917daed535671a8b4409ba0cff696c19abe36e8e5c08f6c,2025-02-02 00:40:00,Critical,Normal,78.375
cbc4a707-4692-4a12-87e9-d79ca6c71bfa,srv-web01,6ed25425e42a84bc592dbbd60360f17ceccef191fe6d3b2d90c515447a277269,Windows Server 2022,"Berlin, Germany",57.89,93.66,64.08,78.82,149.25,21.51,2.49,Justin Rodriguez,ea4645e8a061d72af6a96dd917384baa3e16394512644ae2661992800aee73bd,5a6eb4accb96cbbd3d14650eada5d1f175a4210027e692320db8ded94862b960,2025-02-16 18:59:00,Normal,Critical,89.62500000000001
5bd5e8f7-1339-4060-961c-894129724f45,srv-database03,189bab6c5fb00cf016036222bb29fda5d9ea8976f52feb5fe36a5c5019699f96,Windows Server 2022,"Tokyo, Japan",24.65,55.57,30.66,50.22,140.05,22.36,1.64,William Wright,a057d51bb53a569ef40339f3de8520e99c3a18fd5757a8cf4bbcde494659a1e3,15b71e1826ed6b2603d715ed83570701ff69fc80f186f00718e335ba00b72e18,2025-02-23 19:02:00,Normal,Normal,93.16666666666666
270cd957-a331-4dc2-bbcf-85b91e292784,srv-cache03,6662d2fd2bb3f96a388fe695d644fb7097d90731db47bda558969e186a399131,Ubuntu 20.04,"Berlin, Germany",62.76,76.1,52.29,34.2,142.94,18.66,5.34,Michael Young,11953b2d0f20ec778467e250f036b22f5c04ebea6dea5418a032114834b521d3,7ffbaa95d643b87ee032d2ccc09b4f3e1617216e9d0854f229bef131c56a5d13,2025-02-27 09:36:00,Normal,Normal,77.75
9406ae9e-d19d-4be8-9b8a-8792b27db871,srv-cache02,56723de72d06e95a07bf55e8f8e3bbd71e3127320a80bb2e1e146d333614461e,Windows Server 2019,"Sydney, Australia",83.13,28.77,25.79,82.17,55.36,19.38,4.62,Glenn Mathews,6533cb88198d7d4a966ccaed9558dbcff36d99763f0e9f07bd2a8b01bc84d9e5,275d4d842ab7aa96369721f06613ac02c3dea5e90a44cff4fe1f8f4caabed633,2025-01-28 06:40:00,Normal,Normal,80.75
f0dc3a9a-113e-4f4a-a272-3338a300ab00,srv-app03,41bf12746edb42feffd4476b9e53963bd64dfc3a4e5892c0e149d076b4141194,Ubuntu 20.04,"New York, USA",48.93,68.43,82.21,125.12,73.54,21.94,2.06,Kyle Macdonald,7a2a0146c39588059963f223ff21d11b13d36730e28eda4e857d6664ccdf8f97,343063bb6294bbd748d6e573cb3130000f40d8104b693622f50315362152bcd4,2025-02-02 17:31:00,Normal,Normal,91.41666666666667
436cc765-63b1-4e27-bdf4-2bb787eb5205,srv-cache03,58d8dcde0aecca54b42245d64fb163ca55b6f045e910b12f4f052be096927896,Red Hat Enterprise Linux,"Berlin, Germany",14.02,39.26,74.72,125.74,35.52,18.64,5.36,Elizabeth Roth,ac3bff05dddedd7c91c7d4df6028a707d1b61b1cedc0faa69945d70a7df0f1ec,dad3111d64fdf030b74ab8d87203407281e9935137e5f9952df2c5dac472bea2,2025-02-19 13:06:00,Normal,Normal,77.66666666666667
1ca0a88a-f163-421b-8fe2-7ef72d14a685,srv-analytics03,7025a22cddea871dba96ce3d3c1eecd4796ddc4cce484b527026b83d79404f6d,Windows Server 2019,"Tokyo, Japan",10.57,20.79,84.73,131.93,50.77,20.73,3.27,Andrew Wood,150f455c375b4d64f12512e4e81b78a6e1bb9c6a2fd21bcaea561d857dc5fcff,4ed86ee5f9dd425d0402c3a4c7a1f1ded0152bc66cbffd5651c1c9a8b5bbc04f,2025-03-15 13:50:00,Normal,Normal,86.375
67ddb04e-fb22-4796-be49-c6ffc6972747,srv-api03,696d530d9071b8e7272d3e34908b7335e2108badfea4ac84f87b21304389eac8,Red Hat Enterprise Linux,"New York, USA",48.86,89.53,78.01,76.42,142.39,22.3,1.7,Rebecca Ruiz,8ca86c01a4cc43157a242923179281442264df78ec0899a08d1123966ffd0cf4,3cd4ff5ccbabb5de70a6e61f3d0cb7523a09c0699e5cc7f8dbc07bb7b78556d6,2025-02-05 12:02:00,Normal,Normal,92.91666666666667
c4c9ea03-7b9d-483d-b434-6b8d850010ca,srv-backup02,6c113c78105424aec68ced4b9b1b19e2632d3313142e6e694d9aa30080d77ff2,CentOS 8,"New York, USA",44.08,46.08,69.97,149.17,12.15,18.89,5.11,Joshua Smith,41d9b2a9548737e60d3b1095f1838edf4f2ab719aab707b225bfdcdb0dc67809,4b0d51a5e1e36ce34c0e6af679d368e50c6b0b4dfba498a4f2bc5b6113b63254,2025-02-25 17:20:00,Normal,Normal,78.70833333333334
07b5619c-8ed1-4226-a35c-880b76379cab,srv-web03,955f2f19a6d5af0a459f29ba2dba43feda50094bba8bb38f7c8381be08daefea,Windows Server 2022,"Berlin, Germany",63.36,94.26,27.6,145.69,55.57,21.88,2.12,Caleb Chandler,523005abbfbae7901400a4a083e25135af20cdb1d325ca01e5368415986f6425,9374f9e828466b5873b9a0734458efc787d73b98e2cecb3974c1397c73d23a8d,2025-02-07 07:45:00,Normal,Critical,91.16666666666666
9145e4de-9d1e-4b76-9106-1afa434ceb44,srv-backup02,dd3244ae222b7b4a9bf1a58dc7af2571ddb4c4d7e43dd330eadcb69f8a78096c,Red Hat Enterprise Linux,"Berlin, Germany",93.02,90.05,56.56,119.24,66.79,19.73,4.27,Kimberly Aguilar,c81362289ee11a5eef5d876c42d4acce46eda092bcae71fece31b0137c909ecb,c7d2e5b5049c33293cc1976f2013335ba232ef2374da9a49f71024427f7a6aef,2025-02-22 14:09:00,Critical,Critical,82.20833333333334
91ba7e56-1188-420c-baff-9d769851cbf2,srv-backup03,70a837358c38cd7e4997abbd19ff8abebeefbbc60cf7e6d474468b3e9e9d3610,Windows Server 2022,"Tokyo, Japan",23.68,63.99,16.51,37.0,30.61,18.97,5.03,Angela Johnson,5ef986d915edebf02481bdee7fb0d782d2e6ff24c9df4370b726cd687a9f73d0,b191b068a5c930bf58386439eec95ffd8901d9c455554720b08df4c792c2c75d,2025-03-02 13:38:00,Normal,Normal,79.04166666666667
31d83824-b926-4a54-a3f0-291257a5df22,srv-database02,945858e8eb0fb56311e278bfb12d673d0a5b45f0f8464605e1737f9903c25cb4,Ubuntu 20.04,"Berlin, Germany",58.51,37.95,34.31,118.87,100.34,20.11,3.89,Andrew Scott,1fdd7603c09bf64bfef23d86ee987af1bc89e470c34888fc59c39d86f66a25bf,9039eea396367f3b5be40366d0a9924982262af850ef69f7696d0fa396300771,2025-01-31 02:22:00,Normal,Normal,83.79166666666666
0a33a4cd-1a22-418e-bef8-321c1ec3cbf8,srv-analytics02,556b8661c8cc3ac36137523c09c69bef469c74c944b7c5c34b6f7cf07eef89b7,Windows Server 2019,"Sydney, Australia",23.54,40.76,71.74,89.57,106.29,21.11,2.89,Zoe Henson,27fa53abd587715f8ad07e4723e80377b8961af71f04da381c238ab2f060853b,f9f11497d7348d95ea6105efd97ae7d08977ce6e246faf1979bda2bf628afb24,2025-03-15 00:18:00,Normal,Normal,87.95833333333333
fb3aacfd-d7a3-41cf-8c01-37f7ce192e8c,srv-database03,fe487da6703deb02a41a43d8b55b2f69b19794daade2e3f400d9f9b770ae2be9,Red Hat Enterprise Linux,"New York, USA",96.67,31.74,34.75,68.77,66.79,18.39,5.61,Emily Macias,45c5d7cc081071074fe5cc355cd8ba9e6ebd4d8c8a1f4351d989abc371f48827,a1242cd29fdd676129d2cf2330ca4dfbf51e0858835e914afc4b6a8791584dfb,2025-02-01 16:20:00,Critical,Normal,76.625
5aa93017-a552-4598-af92-acd123695c21,srv-analytics01,4d8f8f80de57040cb429a53a7403323030d13571d1dce11285c8d09e15e46265,Red Hat Enterprise Linux,"New York, USA",74.84,99.52,68.8,31.48,63.76,19.55,4.45,Ricardo Snyder,c5a5a039fae0eb8e09712eb31abf09e24822ec76c85a94d04c3e6fcda1e4e541,ef94cac8da06fce365af5ef3e40088d0374f1fb4370f9abba54159f1ef546a16,2025-02-28 14:22:00,Normal,Critical,81.45833333333333
a9e31f3d-5b23-48d4-a8b7-63345d586ec2,srv-analytics02,15565c4afe792e241a1d6aa739c2f2982c340031271bc47d4c67de4ddaf8f66f,CentOS 8,"Sydney, Australia",94.8,49.35,90.67,121.64,140.54,18.85,5.15,Lori Hernandez,92c9847b2b6a6d29951ce71f451e8150dc8c4d8c86c16d6deb79fac421fe5d74,160f952eaa08bfa9650f9b36366744b8d1d354b3bdfb082d0232a39275a555cf,2025-02-12 05:13:00,Critical,Normal,78.54166666666667
622aeffb-fb0f-463c-938d-f06ced55569c,srv-app01,d7c85d48b87f0b449457ee41d2e70be1fbd3473bff29271940f8b8f66c418282,CentOS 8,"Tokyo, Japan",56.54,34.44,15.78,89.63,54.75,18.31,5.69,Robin Reed,ab7a45a48cef6a0a009d1f972c77fd80b3acb31a47cdd8ad10d5f803430f1f67,21d488625bc6041561b48b4b94a5017745c324e65dc0004e20729d8afe717674,2025-02-06 07:19:00,Normal,Normal,76.29166666666666
a8c95376-9a68-43a6-94ce-62c6ffb5b80b,srv-backup01,4370aaca0597ae4d65262a228215194336601a9009a4771592b14782af4ac0f5,Ubuntu 20.04,"Tokyo, Japan",77.56,47.28,88.26,115.38,20.83,21.19,2.81,Tracy Gomez,6a3873698ea0a4157d39b1ddd46a96855594e3913d64db1760ed591a7dc1d4ef,4e382b5d8a54aec824e1e4c19a3a905312ccd21258a8c614f857916fa7d1e2c5,2025-01-20 16:08:00,Normal,Normal,88.29166666666667
cfeb2838-9ddc-404f-b14a-41540918f46c,srv-backup01,d42daf2ad5ffa25ca76566f3e50f8117ae9268192ffb6c9b783e87e5f8fc719d,Ubuntu 20.04,"Sydney, Australia",68.66,32.15,53.1,54.31,56.62,21.49,2.51,Melissa Riley,68d97a8b9496e847fcb496fe0b169a4052c040154e4c585150c7f9b783242e68,937f33c61b3c97cee107c2441420f51de9bbadae99b851a97a7cc12e02e87707,2025-01-28 02:48:00,Normal,Normal,89.54166666666666
624b7e0f-4ce0-4af7-bb0c-8f5291436113,srv-backup02,e013bd0759bc52c61cd3ff8f9795c5464150a6033c8b8ab635487094d8b1981b,Red Hat Enterprise Linux,"London, UK",24.66,39.35,94.94,76.99,34.85,21.53,2.47,Derrick Drake,278fb90cfb5a15dfdae4eaa8c6c82f4c0a929efd5ba643a224e3e9f9a8055623,02ad7ef6440e6bda91506b06e4029d285811187c38bd73098fc00d1142e87010,2025-01-17 12:46:00,Normal,Normal,89.70833333333333
ff07794c-ee78-45fc-87e2-a3f76748b8fb,srv-analytics03,5534f4d7900226b2bfef6ebe9ef308818cd0312dc963a1727cfc0b63ef8a7876,Windows Server 2022,"Berlin, Germany",26.33,72.94,10.6,136.44,84.35,18.41,5.59,Ms. Valerie Miller,7f3a791b1cf4c9de47432eba79afb5abbe36c8326434030c89d1dc6be564779a,c7c85827c582f8e5c5ef06735b45311e5b51ba3d151d96afeaf1003dba0d667c,2025-02-05 04:17:00,Normal,Normal,76.70833333333333
eb85d2ce-5510-423a-bd37-662716ad1164,srv-app03,7e9a8860c96a48a6f1032cdf38765f92f57ec929b5445a7a576fc8dac0d2e0aa,CentOS 8,"Sydney, Australia",22.24,69.49,76.32,15.27,34.74,21.29,2.71,Christopher Ward,a3e2649a317d9e845df56c8d1dc1b282503ed2f3719c8246daf03defe71087f2,d7db4eb170c5e1c723ab5295f4b05d50b070e02138e1a32c14cb13f7a0b0af8b,2025-02-24 00:29:00,Normal,Normal,88.70833333333333
a82735b5-8ec6-4d02-8ac7-5b3482b26590,srv-database01,3c7945adb93cf3d97cddec84bb91e77ec60b6e60c9c2d9bd7f48861f9985adaa,Red Hat Enterprise Linux,"Tokyo, Japan",22.89,36.94,94.97,73.83,81.94,21.69,2.31,Ms. Nicole Robertson,c73546f3547e5b65d06c1b8a08100ab32339fdb6a9a46e573dc7136c8eae76d2,d573c465eb1a4f7a3e387735c92ed8219f084b1380d5cbb241d9c5a2acb5f8da,2025-03-04 12:12:00,Normal,Normal,90.375
182ce3e2-96d9-4639-a1cf-09c5352bd37e,srv-app02,9451543349b70a1106ba7fa2abfac8f2d406a12aeb8b2fd96ca28aad96635aad,CentOS 8,"Sydney, Australia",13.05,24.77,99.3,113.22,74.57,18.84,5.16,Stanley Brown,06c0cf3f56281f9fe77e8d906c6d946bce698846bf2bcd2e4ad992772da0f38e,d78c4aed30cc4bfde8e3884c189c0a7528ed4a0387dae29f707a7d0977628895,2025-01-15 12:17:00,Normal,Normal,78.5
44dde1fc-01e2-4a79-bf34-1b29a726f24c,srv-database03,ef10f180f982823927d7ee48073672bfbb8e2369e1cfc5b4ce4050e463d38939,CentOS 8,"Berlin, Germany",39.97,61.23,77.75,11.8,38.27,18.11,5.89,Dr. Linda Jackson,d085fc2e02dfc844a04f8694e349809d7454d03d5e2232461f88d7c9242651f5,d1b3e9aa52fc6ac3d389abfcd6b244e128fe0014cbe3e2d87bc4f03e11dc464e,2025-02-04 02:35:00,Normal,Normal,75.45833333333333
76bdc0ca-1e2d-46b3-91c1-0f3ee9ecf01a,srv-cache02,a9b04b8db9493012301522bf20349d41d559d397d5d2e446049e29f0be769bb2,Red Hat Enterprise Linux,"Tokyo, Japan",61.75,62.49,60.97,40.97,58.66,21.6,2.4,Mark Williams,d84a0ea6bb420e513e90763207a037a1849f74acb3a7c59f385c303e873ca3c2,ab9c703d0d29cd14c9184cf57ab5ae0d023488be3fbc675b806598b2d2e14c61,2025-02-27 16:33:00,Normal,Normal,90.0
77d54327-8068-45e5-bbc4-43b36b27ed8c,srv-app02,c356cfb1ca855e220d28fe50a4479da96a9264f2beefdfc9a640aa979f2dd6a9,CentOS 8,"Tokyo, Japan",96.42,81.38,29.87,23.22,133.17,20.09,3.91,Brian Charles,6992aff20d8819074b0755ae094710a38ee63fc636307d1b4deb2186b486fbe5,0f2ed1194eb2a24d1701cfff6d91b6dd5dd108f22dd29c01207f0a8222974778,2025-02-20 19:21:00,Critical,Normal,83.70833333333333
5c8486a8-da04-409a-a64e-1b46277aa8e2,srv-analytics01,9a7286ad9668702b7548b5d622c824bb53a60071df78978ceef7064824a3d957,Ubuntu 20.04,"Berlin, Germany",36.89,24.27,70.85,31.27,63.03,20.18,3.82,Brenda Bennett,fc656fbb3cfecc4c1084bb064146356d0efe6d70ffd81632e036c806f6683674,15267cd6d59f466687bff24ef5d8ff00dcee7cd6b9acde0725eff796ae5efc3a,2025-02-09 17:55:00,Normal,Normal,84.08333333333333
87c386ab-07f0-4a23-81a1-c82bb4a9b3d2,srv-api01,a55cc187e6999b50307a58cfbac3e71f15528c6e768e74c41fe90433a4dd73a2,Ubuntu 20.04,"Tokyo, Japan",32.76,66.97,96.76,82.13,36.79,22.47,1.53,Lisa Michael,c13a58cb6535ebe9d696b7e4d8f87b3cbf3ad0425ffcaf28da5d279a3c15eafb,b5151a4726f7ca66e4aa8b3dd1eb1693a47bb2a7d87b142b51639121b877e94f,2025-02-08 09:28:00,Normal,Normal,93.62499999999999
338720f2-d47e-4b0c-83fd-db1c9359c470,srv-api01,e43da712fd81069ba0ac776870d7065e73b1c97e778f35e6c8d30f13988a46d1,Windows Server 2019,"Tokyo, Japan",45.88,20.98,32.56,18.54,99.82,21.43,2.57,Brandy Hernandez,4f2f1f2e368a6197ae63110a96a36607eed63405967afa66bbed029d6c73db94,20aa1aff680f7a998e07cf9c0635b9cded9eb9ab859a2662411e69bc798f9e32,2025-01-22 07:19:00,Normal,Normal,89.29166666666667
0859608c-7f1b-4332-ba35-d50885c3c029,srv-web02,7437f479a77604ffcdf4a9b7845b343f28aa91c9b3b97fa202b72a75d4fe0937,Windows Server 2022,"New York, USA",86.0,65.67,87.6,149.61,72.33,18.51,5.49,Derek Herrera,33842bd1ab965a2cf42dee0c514eb8e76b3f989a31c5cfef8975727f9b56671e,ca704a45871086cf66817078544821487592a2ed11b53d1cc1656af3f2d57518,2025-02-12 13:44:00,Critical,Normal,77.12500000000001
961a2a06-4fd0-485d-bd56-d4e52ab5039c,srv-backup01,b991b558eb53df00bfd55cf0d694872b8be83eeb17ced835a6bad960eb587606,Windows Server 2022,"New York, USA",17.7,97.15,63.26,118.09,130.34,20.72,3.28,Brian Bowman,27e8122c9949e808db4b7f02798095071de352c37fd26eb08791ccb7af92f6eb,77294162adfb5ea8a6f3da3c38589271f6a259a3efaf1c8d467cb7790e817213,2025-03-09 03:09:00,Normal,Critical,86.33333333333333
3c110a81-cfdc-40f5-82a5-906466d0444d,srv-cache01,aec96b4c94ad16bbc48b562486ccdf52f63ea56430765a9b023260f8211410ef,Red Hat Enterprise Linux,"Sydney, Australia",13.71,95.85,32.54,101.94,68.65,20.82,3.18,Brandon Foster,1722ad24b1903a0875d20ae219a2b3486d983be25a9f47a2d4ed35ab849bc206,831295199e30a354b7351d7d07493272cf43933087fb56b80d9e168194051e11,2025-02-10 13:35:00,Normal,Critical,86.75
755ed160-757c-4213-8011-226502319394,srv-app02,051f9b7948baa0e99cde78585612bf4ef2a64493ac66864bff780a77a7969f8f,Ubuntu 20.04,"Berlin, Germany",92.78,22.54,73.27,47.53,95.97,22.84,1.16,Matthew Horton,8226919f64aa6271f3560233a8f7da0078b4b2c62664ed6d2c2bf47aca34784c,c8138ead618ea3cf3a0d72c37117397c08a8b9c915f077d505efe1fe50b79799,2025-02-15 22:33:00,Critical,Normal,95.16666666666667
0435b059-4f09-4a27-abfc-2a2bd4548aa7,srv-backup01,e8d5dda63dc298ae2130859ab9d25f492df82a229a9fc7aa58b7007beaa77a65,Windows Server 2019,"New York, USA",87.98,34.46,66.78,103.02,84.46,21.05,2.95,Amy Villarreal,5bb4484856f3878cdbe9ee7f012dcf30b450242cdc515eb1fbe47589347639ac,4ce6a4ce1a1e26f85f710dc58e71552c674b156418503684694a8e5fb8f11294,2025-01-27 20:30:00,Critical,Normal,87.70833333333333
2cfe603c-3683-452b-881c-8b51f5c7c3ce,srv-analytics02,da8ede643235452e67856865a544f0c6f7510642e43d51b1c8442f63c8b843a8,Windows Server 2022,"New York, USA",33.17,47.99,64.99,15.71,55.36,22.1,1.9,Amber Taylor,2ad807070dd12c4accaa9217a2aadfa165049718b13a483f8d731d7ec6534449,d5179535b9d07d147421847aa16a021f1ed3b075589db454977b9108bca74929,2025-03-07 03:21:00,Normal,Normal,92.08333333333334
1263f1f7-42dd-447a-9ad2-fe60654f0154,srv-database01,5868e6b4a26d4b6e959f4cb9efed61465a170acb254682659783885c0c795d9c,Red Hat Enterprise Linux,"Berlin, Germany",19.73,29.52,59.17,85.06,59.97,21.67,2.33,Jose Nguyen,110b6d22851a7ef141719048c0ce8d3b4f9634350f46c938c45a1a26b5c5a233,dc30768d37d527647218b73953c08bbadbf5f43201f527361fd5febce0df31a8,2025-01-22 08:32:00,Normal,Normal,90.29166666666667
8fd4cba6-6936-4832-b6b8-f6acfcfbfe10,srv-web02,c3d909616785b4277691aa9dc6dd58910524b7699aa385162fe7e3ca8987957b,Windows Server 2019,"Tokyo, Japan",78.37,39.3,48.78,22.05,30.04,22.33,1.67,Mario Wong,ddb4089eba70ba4b64c17fcced0219939522611b42f76dc50f4a3752491de610,1085ba3bdb31b668fa6b6522ad2c5704adce74f7aa693f0e64042ba744c2c41f,2025-02-02 05:33:00,Normal,Normal,93.04166666666666
b5f28214-c0f2-4212-941a-a6df4c1206b8,srv-analytics02,35ecf5fd02d0758684910c18ca82a0821d69f1a2f744a957a1c8dc40ac4a5c65,Ubuntu 20.04,"London, UK",77.29,25.84,30.93,21.1,126.29,22.65,1.35,Kelly Rodriguez,6710aca797e4a745708c844ed614c17ef9f454fb8231ea7a7cfcd61ac6789c31,32c3da12a96c0da1ed970644f0065bb59043efe43df27216a7f1876f4e37a98d,2025-03-12 04:58:00,Normal,Normal,94.375
4a94c403-8c15-4397-a2a5-6a22212327d1,srv-web02,2994ca2932715b1120f18636260f3e88d6fff98d1e84756dba87007cfa192f53,Ubuntu 20.04,"Tokyo, Japan",49.61,84.08,88.26,81.06,129.43,19.86,4.14,Yvonne Melton,d312233612f06939dd5850e57a82ad596799f9baa1df798e9e5885c483eb588a,5f47697b48b7343994f2cdcdbccf21602c5f7183f9feb365f43ecfe6db894ae1,2025-03-03 09:43:00,Normal,Normal,82.75
ed4746e9-fd4e-49b8-b3ae-067cab9c1c43,srv-database02,d267b0d559c362c58752e52947dc554ab2926e630074766203d1e310d12d787b,CentOS 8,"New York, USA",59.34,54.8,89.17,57.42,59.71,21.8,2.2,Kim Rocha,b9fef53235c8fac2ab834378c3bc73bb90646db9b5cdd028f6d6613eecb8d36d,e6bee071473b7b4ae22f196b4cfcf471ca7809b94f5d172baee0f452ade5ff2e,2025-02-18 02:38:00,Normal,Normal,90.83333333333333
9edda05f-c6b8-42d2-9634-841e091fc10c,srv-web02,0f6a4cfa0b06b94c22ec2a14208f153ae4630bff10bf36dbef43c73af53f4257,CentOS 8,"London, UK",85.91,38.89,23.08,132.46,142.55,18.4,5.6,Thomas Velazquez,dde75884f9ab09bb8690548a7ac6ff5e40fd9392f4038a564633a0d35f704dd1,5568a1e11e8cb38acb3268257701bb0f568bd23694a872b44599b5e2ca270de0,2025-02-19 14:26:00,Critical,Normal,76.66666666666666
6d6a6dfc-705d-48ae-9a5e-0a018a7ad426,srv-analytics02,61f3db49176151f06889b0fecd5006abfcc3074cc550002831638af94c706763,Ubuntu 20.04,"Sydney, Australia",46.33,87.78,71.92,33.92,60.74,21.48,2.52,Jennifer Kline,7cb7a77bb9d9943ee7a6d7aa454ecfa7ea8ff6c26ec1b704d8e5dfe520f4ccf8,35a6c1dc8378af393f060db21aa2e26a701235d97ea9727b199ee1963f719084,2025-03-11 01:29:00,Normal,Normal,89.5
6f0d8cc5-501a-42e4-99c7-70d534ca7339,srv-web01,0544250808238a5a750038feca8df6471fd918e59f6bc96f87d67b0f4fa46f8c,Red Hat Enterprise Linux,"Tokyo, Japan",47.58,97.44,81.81,19.25,40.33,20.71,3.29,Crystal Vaughn,55230177c04c4b72a95d77cfe8fcbe0ee9b6d7152b5a9bf037e9d58d843e3ad0,5fcce5d8d0f623523a97dd1353104f2bc3174eb01fff6516c35145aeb94ebbec,2025-01-20 12:46:00,Normal,Critical,86.29166666666667
169f8460-9372-40b2-9521-fcd86e4e2829,srv-app02,a0c3d8e7e9884f5ce5db3887004af5d37152c389e55ebc0e231845eb07088943,Windows Server 2022,"London, UK",76.28,20.79,38.79,56.86,66.09,20.97,3.03,Ashley Harris,01fb072c4d0a2889b92e10601d09f92ed756db24602f4a7a49ef28aecc9ba518,945f4f5daa3de9c19facd879507c9fcd69c31b534e5839be878413f1603c1cfb,2025-02-26 17:18:00,Normal,Normal,87.37499999999999
159e48e3-d466-4655-8c6b-823e0de48faf,srv-cache02,8d7e319fdc0bbd4ef934c54fd8a89e537a311dd5ddf8bf116022426512449da7,Windows Server 2019,"London, UK",43.05,95.76,79.01,49.06,29.37,21.38,2.62,Jennifer Williams,bafd99c61761f64e2e1a1e57295f741c9dc9a49d07eb4a12b284f7788d8e7103,05587195b8aa9770605ef60e4815942814509cd1268e78f272c6426916071d85,2025-03-15 04:43:00,Normal,Critical,89.08333333333333
7d3441c3-21d8-4f44-b534-9e956be62105,srv-analytics02,a61a4033d9f387cf0a0815b1b0cd4d477e6246ad4a3e965ae752af7060b96d47,CentOS 8,"New York, USA",80.3,73.79,61.95,111.66,55.55,22.37,1.63,Debbie Davis,4933e5da3c62b91f60b65fefa9c4440058af27d27571feab023b9b07855d1985,e17d35148ae62348e42149fc47ce39df444efc06e1898f1bdc55a8e4c6d51107,2025-02-18 02:40:00,Normal,Normal,93.20833333333334
e8379f03-584c-4924-86e8-2940f2047f48,srv-backup02,7815ec7bd299b71fcb54924d801e4c13b7516257d487efdbf065997449471c75,Red Hat Enterprise Linux,"London, UK",67.72,84.56,54.7,101.99,133.62,22.26,1.74,Hunter Fitzgerald,2b30be284b693029f9059b0366fed0cc9c974adfe3b8ea1c8b0b3badc3e50e53,d7dc14e6430f59c5e69e601f148ff1fedb5db294243878a71b5b284484bf780d,2025-01-22 21:44:00,Normal,Normal,92.75000000000001
b1b867d4-9b1f-492f-88f2-2c9877372180,srv-analytics03,fdca625cdcdf88f8e5a3440bdcb6084dec5919da2238f47632b2d28cda4e1ab6,Windows Server 2022,"London, UK",85.44,26.89,29.98,109.9,81.57,19.97,4.03,Brenda Johnson,5a531a077d7fa33b7cbb503cb188b84f346a1fc0ba30b817767822e1d68bd700,cbf1f506657bf3b91e42fd06b4a5df59295c0ad4f52d339af3dc05abc6ae1e56,2025-01-16 10:17:00,Critical,Normal,83.20833333333333
0a3eb18a-58dc-4b3d-9f77-6aa79acd4a02,srv-app01,8cac4e4864cc257365634154caa2e10f089c1e253affe946d236ef2aa8fd3320,Windows Server 2019,"Tokyo, Japan",64.93,79.64,69.06,49.02,119.89,22.03,1.97,Margaret Santiago,9335663cbea84fba4fb14917c7b05e807f5823af7015f7cb2df60bc14a51f928,862a9c37a3ea4f563c8c4ca3a27e3f84b9b80d7c08d84840731edb37e10d9e47,2025-02-26 02:32:00,Normal,Normal,91.79166666666667
17ea735b-ff4f-4c7f-8a6d-f596a5510d4e,srv-analytics03,585484de629153800866f0da6242eaf4ae5c5ccf6d02246bfeb2804057eaf6e3,Windows Server 2019,"Berlin, Germany",56.18,85.81,82.82,124.14,42.77,22.69,1.31,Christopher Smith,a45788e1491a65146e5f3210868a7e466a42dcbdb0b132a2dea38404dffbb1dd,da0fab7e9f79540068bb83ff6a61b8b53c4b937e6cdbec0f09b3d3d41e154a94,2025-01-20 12:18:00,Normal,Normal,94.54166666666667
ae5992b7-cd49-49d1-b9bc-65c262ba9e6e,srv-analytics02,dbec50a14047a061c2b6e7ada4cc9116059958759e1264cbd2ed797092b21fcc,Windows Server 2019,"Sydney, Australia",58.43,32.0,72.0,49.52,26.86,19.13,4.87,Tina Munoz,e9ece89379d8e3d6fb1b5b986aa0da24db7efb96162c57517f241ef69bb5bb45,1f61cf0299e9d9e32fdc609a20d42b09f95b80cb921392e6b7ffb138d0def32b,2025-02-06 04:21:00,Normal,Normal,79.70833333333333
e7646a1f-fa98-4870-a79c-23b4b9d19b2e,srv-backup01,31b7e4018b7c95ec817be5aaec096312d8cd26f9ddf79f908f9054d3a4b67d25,Windows Server 2022,"Sydney, Australia",16.25,34.69,25.98,18.77,80.33,21.78,2.22,Lisa Rios,623b57c20bc5900772a18a25b7af2699eff4a26c9965ba6cf0455e735d50e175,2e85e14762722b8d1fa19c3351403e16fb5cf4575ce6ae6d60433d304b46a2cf,2025-01-18 02:12:00,Normal,Normal,90.75000000000001
c2f91b34-1c12-4c22-889e-86d61b82830c,srv-database03,abc742d754888b22643a4f47fee136806190c0c74fc5c6c98aea5e74d4cccb80,Windows Server 2022,"Tokyo, Japan",83.95,67.36,49.46,121.49,18.85,19.53,4.47,Christopher Gibson,2bab3d18307d44fbd34dd1f05e1827a5315e3af0c155d8ebf867ec01d610663a,a4e9eb6a53158a8adc127b4eb63e82e281e5ba9d3b1a4cefb90d161cb589a0a7,2025-02-22 17:31:00,Normal,Normal,81.37500000000001
4a995069-1c99-4794-a57f-90ff3bf06fb3,srv-analytics01,0d7358eb19b366f439ce059abf62ab4eb31e1394b2a9b54a2bb178645ba8b217,Windows Server 2022,"New York, USA",99.3,86.17,59.61,26.22,20.29,19.32,4.68,Tara Wheeler,992c0180ef98b5497769784d9ee01b550ac0fceedd151902dfe455cd73015276,5780f7f553e431eaedef436fe999d2e432e7512ebcddd2d9504bcdfa2d41a52a,2025-01-18 15:01:00,Critical,Normal,80.5
55f503b7-c9e2-4860-b240-3432660f8505,srv-cache03,73c477c311b494f017d8d3225c5f1be0d9de06a28d44d737a223f5a007fb9839,Red Hat Enterprise Linux,"Berlin, Germany",76.34,73.56,73.25,116.46,17.11,18.78,5.22,Kimberly Prince,28357fc4ed2b342091ac5a9b91bff0b241d0ffc9ecc05c3e9c56b1854213c750,7611c3e17c7e9a4b05e2e6dffb4021b4d08363d0a3d55ede786f60d28ad59061,2025-02-28 08:46:00,Normal,Normal,78.25000000000001
93e19987-5698-4538-9998-2971b939ae86,srv-database02,e273f18a42f08785cdf322be3e07328d17e6ad81bfeecfea0722f87d114e16c7,Ubuntu 20.04,"London, UK",90.82,82.21,11.21,122.45,118.61,19.78,4.22,Stephen Love,fa1ebcd789a99b694c8815533a1d9a36f3227f292c2a9ac2f548c2831cdb7f04,6acc8fee0cf39401dce1f184edccdc173307b4f8af30ea46b1cb01546f5ad30b,2025-03-01 13:08:00,Critical,Normal,82.41666666666667
a200f491-6b7b-4a3e-a3ef-7e48b1945c68,srv-database03,307f8e1d0a5e6044a0fcdceb6ce81f38ef6932a52bb770e043466225140133c3,Windows Server 2022,"Tokyo, Japan",26.11,51.44,62.7,56.01,98.41,18.24,5.76,Beth Griffin MD,b50aec16328af67872bc647bc23c86adcf61bfa8b8209c4ece915159928ed35f,4fdfe26d9a5142c24508202643db0f825be181b6c15496724fb69fdf77f08a3b,2025-02-15 07:19:00,Normal,Normal,75.99999999999999
7031883e-8780-4e08-9a08-9eccf33ea6dd,srv-web03,d614e26b4e1c7d5b2768f93784093a03ebac0b976f7f0ec1fab2c50f5446a380,Ubuntu 20.04,"New York, USA",37.93,71.95,35.87,118.84,115.86,18.42,5.58,Victor Moody,adc0c1453c2767a4a4282ccfb954c39eb990539204fb38a82c5519290cf12261,bc0ac1dd011802c90ca7780effee872a16d3d1b01b1de13d1918a4d24d5205c4,2025-03-06 15:29:00,Normal,Normal,76.75
af2df79f-8fce-4aa1-add7-1cba89e1052b,srv-database01,c09d1bc1f4ba1ff8b10014ab818a4754e9eb670fc5b55a6d35f3fadf7ee9ce6a,Windows Server 2019,"Sydney, Australia",45.4,24.63,47.48,14.23,58.12,18.74,5.26,Shannon Walker,5ee4b575de9b4e49301c8e09eccceafab21aa8a8705979761b941055e74e556e,b3fed39942aa2138f5ff05363af6bf5a547a0b0d53b4c321b2ae876333110a07,2025-03-02 06:58:00,Normal,Normal,78.08333333333333
45f85e50-93d5-4980-8810-e893654bcde8,srv-api03,b294caedcef35e92d3e5379352a5bd36a0a306d5863e3d1b6b5a740808caea38,Windows Server 2022,"Sydney, Australia",42.23,59.59,59.81,57.67,79.82,21.71,2.29,Michael Jackson,59d6d2ca8246a1cc4779cc40d280c24af370e12574731c7571a5479288069743,6dfdb2350ec74b9c77c3b0fa378c6450c2063d3f77c2d607de561d2ca2d0e154,2025-02-19 13:46:00,Normal,Normal,90.45833333333334
2bcf9791-4750-4c36-9cd5-88335c385de4,srv-app01,5d33e6a5aa254787e7a412d22381f8cf7b84623efa97948c41ed85820b675f81,CentOS 8,"London, UK",94.01,60.56,31.86,10.33,89.24,20.29,3.71,Jennifer Torres,6f140eae6d8a173365b126997c24b0c9ecac5a13867c145e011c9b716543e7cc,976eaf4ec60717fccfd605123ac9c2b3cef415f6be047eef59cd65313632a93d,2025-02-24 09:53:00,Critical,Normal,84.54166666666666
6a035308-8cef-404d-9a17-eb294ecf8b43,srv-web02,bc0920a3d2c673cd8e987c246fc955453783135a1e729eab82b8918730ae250f,CentOS 8,"New York, USA",19.83,92.92,86.36,116.42,100.22,18.68,5.32,Paula Vasquez,4681b50ef98c0001b52432ac32890522a3a80fe235008cb80446a0638799ad17,68a55784de5113f939ac4090bffd74fb0c536d37296a627e1aaa9444c39f1b0e,2025-03-12 05:23:00,Normal,Critical,77.83333333333333
7b188562-51f6-4052-8ee8-795966836b9a,srv-api03,6709f50d092e6bb69c78d5dc324f67ecb483eab75c5a2ea7024b1f82f9392224,CentOS 8,"London, UK",24.95,24.68,37.17,74.78,134.1,18.34,5.66,Melissa Perez,36f985796ee3d477f1a9a519513e5b77cdf7c0425ec7c7314888edf9948ac01d,ffdf25f59479a239e48d362287bcda30ffd5acf0bf5b54abc78fced9aabdf87b,2025-01-17 21:34:00,Normal,Normal,76.41666666666667
31b4037d-4400-483b-ac3b-62a4e0fdb3de,srv-app01,0053aa15a74d63d22c0fb750fb9631a0c5cb002a948656701671809ba7d67234,CentOS 8,"Tokyo, Japan",24.9,38.19,62.9,74.42,96.16,20.15,3.85,Donald Garcia,9699769164b50a507d4e5e4fc0dbd45fadc3db14e505ea4a4809668a4c9c3252,9b7599d7e7908acae086448521eb1584dcc526a3af23b64a6eafbad2b3a50b5f,2025-03-09 07:57:00,Normal,Normal,83.95833333333333
208f4b78-88d8-4528-8dcc-2524d6d710fc,srv-web02,4ee95295f58d17345e5b12a040143cdd48d69dd832ae2f147193608a714da8d2,Windows Server 2019,"London, UK",44.98,85.3,99.64,98.6,54.44,21.7,2.3,Ashley Spencer,c4f80620a4c42c4b97d6221b66d46c7b24745c840e8e688c3a5d6b838a39f01b,366b4bb0b8ff8dcfebdf61ca1c4324f3111b7ec2b264b1809f783b36303e2019,2025-01-21 13:38:00,Normal,Normal,90.41666666666667
e9a42e27-09a6-4d02-b135-6b8f33fd6f90,srv-cache01,3ebf8c56a5ec737a5d6de02714a88cad4974bc3d64bc8576b254a620b08ec4c3,Ubuntu 20.04,"New York, USA",66.75,87.9,94.88,105.59,50.61,20.02,3.98,Traci Davis,e153239b6576d570ae66d9c43b05839320437bbc7be6bd326d26e34e617aff3b,cd9da542ff7a4313ef6cc6bbcf79fd1c733d5fd396f7714ed2c07cbcdecc4777,2025-02-28 02:17:00,Normal,Normal,83.41666666666666
f2d8c00d-81e8-4000-9cf0-ea6f7e36c1ed,srv-api03,cae18540ec9e8fddfc7c73620a17bb1144d55df8d1c6029c197129efb3ec0a29,Windows Server 2022,"Tokyo, Japan",35.69,89.34,81.83,63.08,19.06,19.6,4.4,Jamie Matthews,fffb6c8bda1f45df51cc3867a7b5203aae55b1679e49116ff39a4e416a8427ac,e088a7c430d96ea460f75e283ac68c38196dd1dd3141b9bb3b977f1c5f2030e9,2025-01-19 13:00:00,Normal,Normal,81.66666666666667
cd63c41b-1e76-41ab-abdf-4d8532288d1f,srv-web02,3828b468e9f886a3b7bfd9b6fc34d44f00b8517cbedd6d510a92cb95d4a1c6a4,Ubuntu 20.04,"London, UK",43.0,34.47,73.66,24.16,142.89,21.95,2.05,Madison Russell,e0c3e1cac033d5a979d9ba22cfe79eca6092970f9d71504f2351118226bd6d16,562ce0fd52c05182591bd1ba77b8a7acb24aae600c67e30e87d6c4aa220bf881,2025-02-20 11:31:00,Normal,Normal,91.45833333333333
d7daf6c4-22a9-4a4a-bee8-215ba349412c,srv-analytics01,b48b2b0ca4c95d6b70f1eab77b3771377906f3881a1c4940c925360c6cee64c2,Red Hat Enterprise Linux,"New York, USA",88.29,24.14,26.13,54.32,121.68,18.57,5.43,Christopher Young,1b3a3235e17eb3921de1d9c4b4cb4711d78cb3206be9117e42d2c7d2533120ab,a6162c10e784283a628c93aeb7f8b6a74c2eac8f3199e57dd750173fdb39a99f,2025-02-02 08:45:00,Critical,Normal,77.375
4cb1a51a-f2f7-4723-9e2c-cf2f8b95b327,srv-web03,bec55d40caa2bcf6c7571a715f602d2085afcd884ff16d9cf610b100584c1ade,Windows Server 2022,"Berlin, Germany",82.2,51.31,96.44,112.63,61.86,21.41,2.59,Selena Jackson,92f431166fd92984c7ecbb3c8992a8b6a2d17425c01d04e8ff234375fd041aee,4af9788ffe5250f5ffda2d22143e1f76729919308d574cfd2b768c83340a0675,2025-02-04 17:21:00,Normal,Normal,89.20833333333333
f30b02be-e33b-402f-9955-0ab9ec2da98b,srv-app03,e892529d885aff5f0b76c72cd557c2ff8b23176f9094b71fad64c66774a15c56,Windows Server 2019,"New York, USA",34.77,75.52,81.73,113.09,23.24,22.24,1.76,Jason Soto,0e268a34de3cbcfe0a7a852ddf375138801e9c4aa1d61731a9a6789f9da4bba4,e3d3b23d8795e0cee3ed43c1c617a1d8e7979ec74e3fe427f6a9c5a9be7fbda9,2025-01-29 00:26:00,Normal,Normal,92.66666666666666
f73edcd1-c6ba-42c0-b7ba-b30f32c49818,srv-backup02,6c581b189365511c67e2d961a7909a59d02318abd89faffa5672c4609ebb8179,Ubuntu 20.04,"Berlin, Germany",38.57,39.81,33.87,83.65,39.21,18.19,5.81,Margaret Miles,d3e847af54f65fb54ea1d14bd1acfb77c32f757cd194806a50e496e9c71fdb39,b4707b957fa369047c9710422345c7a647a43a433f029d676b14d05357be6433,2025-02-03 08:47:00,Normal,Normal,75.79166666666667
0a0c694c-17be-4566-9c77-8e74ff8c4839,srv-database02,1b751e4efd54d98c55873672c3f01fd96186319ee0e219e31667a75af93884e7,Red Hat Enterprise Linux,"Tokyo, Japan",80.58,81.95,49.5,115.76,119.02,19.3,4.7,Allen Vaughn,11ab758713bbbeb263f452b6004562bc881a979ac9eadb08127f99827ae3f56b,cafba2cd1f57ec215cea73ab17e2c0b57b97fc3287eb2a7234198b314bcd418c,2025-02-09 02:26:00,Normal,Normal,80.41666666666667
f4a5f217-7c24-4f08-be11-0c179ef403e9,srv-web03,91bd03a70ac39b66e4207af1ebacbaf38884533b4e42a4c8d453066f712bf7bb,Ubuntu 20.04,"London, UK",82.37,92.71,72.98,22.19,46.86,20.43,3.57,Sabrina Obrien,7e326ae4ef803dfe554c587c70fa14113ff71c2a3c1f0e4374f76e807eb400da,6fbad747ef0e734df00b435e781602712c93265a2048576ceb0d4a92249c56e3,2025-03-11 06:25:00,Normal,Critical,85.125
263e2221-7f06-4803-9bb2-7c26818829de,srv-analytics02,99cc4582e27a2cdf0f5951501b74f2aeb7e936238475dccb2634c65d546170fb,Windows Server 2019,"Sydney, Australia",37.09,56.42,27.57,57.95,125.23,22.82,1.18,Carlos Alvarado,f522c1b1d9523f4acfa2660dee337effd97f3539710cfde89d6e112816797fac,318a2616b328e94dc88c99249b9dcde24a82fc078d4e0bf2db88be4206b33e58,2025-01-26 16:21:00,Normal,Normal,95.08333333333333
e541f2f7-515f-4a8f-b177-c5e90ee9414c,srv-cache03,1dd5b3c827aca629942a025d3473164d1fe92552e0f264d6eea4569e7728b30f,Red Hat Enterprise Linux,"London, UK",69.55,93.26,35.63,62.77,93.11,22.74,1.26,Tracy Castillo,fa3cac0203a991cfe578c0704f485579e878a9973d4a3251f322961fe1fc1062,f487477e0728c287fffb26d6013f21675b76b1f2fa1fd1b9626cc5ed8a52d0f9,2025-02-26 13:48:00,Normal,Critical,94.74999999999999
3ce3e210-f12d-48a6-9c32-d122b4511d43,srv-app01,b075ddaddd34bed2f8078f8fc50564452fcdde710b31d56e30920b5ccdee5a43,Windows Server 2019,"Tokyo, Japan",33.38,71.83,68.57,56.66,96.37,19.2,4.8,Anthony David,b30663dd2e0b61e4e146ac824bd3ff2698f3cc4bb812eb288028106ae6e33889,a2dc8dd2ed241d75f714e088e6ddbdb2099dc9be506763cd5812c13c029c613f,2025-02-20 16:14:00,Normal,Normal,80.0
1ac75ca2-8b59-4b90-897a-64c7913b5098,srv-api03,df926fde922c1bc63ca9bc08b1eabe35a51eb721c06db13592fa01ca957381b7,Ubuntu 20.04,"Berlin, Germany",44.27,20.03,93.94,121.16,11.86,19.27,4.73,Tracy Thompson,d6f5cf9cf6ac45a05e3d5ae4e43407cdece9786d23a9d6f4808b20563f3ba44f,3721919f9bc68f62bd904ef57df28da413fe529243f4324be2ea8090a0f15940,2025-01-22 07:42:00,Normal,Normal,80.29166666666666
36ff6320-81da-4d9c-bf87-ee5231163167,srv-cache01,92c203a8339bc9322021850dddf494e7693082486398fb2dae7be29c76f34e6c,Ubuntu 20.04,"Sydney, Australia",97.8,31.31,54.23,23.25,74.9,22.92,1.08,Crystal Welch,6426250d34ffc25834070ca34d36e7d79ff1392b91a01480ee00d4da12a2f8f0,759a6c2bc7470d3896b53e13cc9c2985d95af43345229d39afb87c5b204b54e1,2025-02-08 18:20:00,Critical,Normal,95.5
b578baae-6caf-47e6-a1f4-a0eebe17c77f,srv-database03,30d0ccea61f93a7ed78c514e99633e9ee191faf83cb557932263ade265708512,Ubuntu 20.04,"Tokyo, Japan",57.14,38.93,98.83,55.02,123.39,20.71,3.29,Jeffery Brown,f2f15ee15977cfca4aee5ca87ee10f7619babcd240587770a122f16a5335c3fd,64aeb1d6fc8e76d1fd33a87cd9add4497208be20e5a1f8fc681fcbc285e5f176,2025-01-24 02:14:00,Normal,Normal,86.29166666666667
7bcc89d3-e4f3-462d-ace8-3695b4024ddf,srv-cache01,918bcaed962ac47d47c2d67eab397f63e178bf92f46b2fb62febf40986ce28d3,CentOS 8,"London, UK",75.33,54.51,86.82,72.03,46.78,22.24,1.76,Michael Hensley,db05c9df7dcdedeb17cf58b29b3433d0be58870b76cb9beecb796606be00eff1,e5233f5ff13f8f29fb2435d192a70e657c88ceebfbeacec050d109af0163143b,2025-01-18 17:53:00,Normal,Normal,92.66666666666666
899916e5-5c12-422b-8914-e915967aac7c,srv-analytics01,4b1d587c622e121ef7b14816c85ba79fc4d7ca5f8563546f1abd8ce8540e6489,Red Hat Enterprise Linux,"Berlin, Germany",32.05,22.12,58.53,73.16,130.51,22.57,1.43,Mark Lawrence,5648f7489bfcc2fc05e9a67e0628777ad4d8c79dd8e733a5ba4e60b625618ae3,d93f28f2dc820de9c5265b1eef60f38bffa17a0c485e7188529f764d3882b8dd,2025-02-01 19:43:00,Normal,Normal,94.04166666666667
7eb08d16-d484-4177-8fcd-9b864bf418af,srv-backup01,77ff729c586d4326f95f078f527254eaab8967631777690eefef1b769cf9b08b,Red Hat Enterprise Linux,"Tokyo, Japan",59.33,67.67,36.28,116.77,17.87,21.75,2.25,Ryan Lopez,94ab472f6617e77e9428b2768864a906d8d1e53308b5cee26d74e88436a2f0e2,e0beb57aeb980f88a0d3e414a255ed72f1ef1c321ab2960165f873a375961e60,2025-03-10 16:39:00,Normal,Normal,90.625
4b550e8d-7bf4-44ea-aec0-215ca2e2fe6e,srv-app01,94443ac371801af891adea2839d43b8a7051c00d947ebc434b05b2abc5bfa048,Ubuntu 20.04,"Sydney, Australia",50.02,31.38,39.92,126.47,39.53,22.4,1.6,Deborah Washington,43d03a50788173be53ea0a75b00681df521d22b097f544e7254b4f74fc501057,0a8ab647b848d9395fb4a8a4add950e4b6e22771c920b432f90fd336c3f8f39f,2025-01-30 20:17:00,Normal,Normal,93.33333333333333
72a6d9cf-30df-49d2-a609-ad5c2962d3ab,srv-web02,d8ed468cc6387eacdf7d68ea578f8345a8afa62095d3d9b0ca7bc4f0c7f5d5b7,Red Hat Enterprise Linux,"Berlin, Germany",82.85,61.7,62.74,91.85,112.72,22.85,1.15,Alvin Mccarthy,b732a4471a864fd7e6f49d42e2dc15aadce2d3a8e9fcd85badbcc7c23479311f,10bee0e3b533061fceb52777e17a6cc5d35b27f30335905ec984e309d34f2432,2025-01-15 15:24:00,Normal,Normal,95.20833333333334
8c33ceb9-84c6-4d9e-aef5-4004c8f445e5,srv-cache02,35cedd09464f1fe9f0889843b0fef39302975030d8c07daa8a0ef02cc62a7926,Red Hat Enterprise Linux,"London, UK",73.81,73.64,38.26,109.46,103.04,21.92,2.08,Jeffrey Macdonald,2d5b36646a2953bbb42ad2240632e5a7406e9b7e94146a2e4ca875828eb9ae79,add2c94d516dc687ec8b4ce5161b5c53c33e1ac41854672c50eb04e8cb7aef6e,2025-03-13 18:50:00,Normal,Normal,91.33333333333334
4932108c-c61e-41f4-95d0-3ad921cdc7e5,srv-backup02,6f6defb21d5a2d8bfd6975baa535a150c30f5bc16b67ba2dcb9c1defb8e97f0a,CentOS 8,"Tokyo, Japan",34.61,70.19,59.67,73.89,53.14,19.64,4.36,Christine Jones,135fa24c690435291166fc43b8bc384ef17b1e827c114d35f2de62fbc306f70d,256f429f996d28693ec51716853038311d3d1699f54e4e42108e7d6cb4c633c5,2025-03-11 22:40:00,Normal,Normal,81.83333333333334
a387043c-4797-4027-ac1c-5f8a27d1198f,srv-analytics03,a7fc57aab2ba960be31dcc0fdc257b0fcf6b6183faf8799ccd162679412dc592,Red Hat Enterprise Linux,"Berlin, Germany",12.69,38.06,10.81,24.75,31.05,22.28,1.72,Zachary Jacobson,fc4b44a2d6041277d62980a5c93d72858a404784b888d84b7a368ae9afb71e56,a4f9f3c298ef8380022a661a898b82877ef322fd14a6aff67b9373f9d6510806,2025-01-31 17:26:00,Normal,Normal,92.83333333333333
bac624f3-4927-44ec-b8ff-bf1d6a9f85ad,srv-cache01,9f6d054473976eac1084ef6adfe41e9928ca507f78852a13ed1e965c4941c821,CentOS 8,"Sydney, Australia",14.66,52.16,67.44,21.43,41.45,22.82,1.18,Emily Johnson,72d8c63eac1d06ee05ee040d76a99234652fd48de5f3f02b71db8323337276b5,a035dbf3aa4ac67acc9d21678918f51b7e1ea8dc2109ed90ff4e15a9e1efa60b,2025-03-11 08:46:00,Normal,Normal,95.08333333333333
6c1f53dc-8be7-444e-b670-c4919f77fe7e,srv-app01,a74799c75478425e616aa2f23b1e5b427c0ab215b30c8a1749d874eb01b357d1,Red Hat Enterprise Linux,"Berlin, Germany",85.38,89.3,84.4,44.27,115.86,22.36,1.64,Patrick Phillips DVM,e90e6294117cba8a49695b18cc8c36f67a4feaba205443799320bf2826679a5d,0352bcbf427d686c2c08496034c1134028951a782285a34eb430a9168fb33439,2025-02-05 10:37:00,Critical,Normal,93.16666666666666
8add674a-6bfd-4918-9787-fafa654f77dd,srv-analytics03,da10397fd935c647abaf16d97401c3e18b2c3e9d3326a01515143f399397b519,Ubuntu 20.04,"London, UK",31.19,95.29,31.73,102.42,28.99,20.95,3.05,Julie Diaz,8113392ebd1149be2ccb649ba9a153d62c07f2aed06f9e3b0e63b623260e255b,0bf6aafab15dbaf2ae66a3655540a0cdd7b4b58913e1efb2e24fd412ab6e8f10,2025-02-28 22:01:00,Normal,Critical,87.29166666666667
0564a58b-bc34-4c9c-9cdc-907fc1708c67,srv-cache01,4b70dd2147c6ae96073a280f8bddd3b4faeac2b9cbad6909d43f5c341000a794,CentOS 8,"Berlin, Germany",32.97,86.84,22.0,121.4,66.61,21.01,2.99,James Cortez,7a22a45b2e0e4b6790acb05e19b75e659c0dfa411a7de605b8e007c91c0e0029,7152f97fccc20e95d82648bce6a713e715510ce8d40660e4246ef3d1b3c905dd,2025-02-04 16:59:00,Normal,Normal,87.54166666666667
0daade74-2f6b-4ffa-8968-6a473181add6,srv-database02,91fea7c98bd5c86166456d1a8528df2ef4cd1e36e42af9a24a2af1ab329104da,Red Hat Enterprise Linux,"Tokyo, Japan",74.18,30.41,48.19,30.94,127.02,21.66,2.34,Christopher Ayala,d8ddc36aac881a05afea88bfa169152158349eb936eb28cf94b5c98dba4032e2,46e686ce17ae00f9c076160a36cbe24b901002a41304c69c3e60b0fb03973393,2025-02-14 18:02:00,Normal,Normal,90.25
dc2517f7-e18e-4fcf-9388-46c529641862,srv-analytics02,6bf019992079f4210fd039760c7d7b1c4cb2799b9923b8143fb5502f7e6e5d29,Ubuntu 20.04,"Berlin, Germany",79.8,34.54,26.08,143.56,146.44,22.9,1.1,Susan Oneill,baf83aa46829ae795f9ab010339fb7385aa545c0657cc3be55706efe69585584,4d291426eaf789c744cb17055d712af9cc626a9550125b32bcdfe2f653348537,2025-02-03 03:59:00,Normal,Normal,95.41666666666666
04799af0-d18c-4d82-925b-cdcc9b69ee0c,srv-analytics03,aea684abfa45f75f04fb410d05057cda67717ed8e5d75c26422e36a6ac4dfd5b,Ubuntu 20.04,"New York, USA",51.42,54.94,32.41,73.8,10.24,19.14,4.86,Jennifer Webb,b32c8210997687f1d9278613ac3a8b878eff1406c7f1e78bf040f7a21bbeaa56,a20a92eb6a49ba8d10d3541f34d8452f8e5511f20f902de6f70a3f56f8282090,2025-02-16 19:33:00,Normal,Normal,79.75
bda2d2fc-9ade-4c22-8c9d-0563a5a2c7b8,srv-database03,8f6f0fbda9951df2a417ed48c9eb348e75d7e36de7c26a51e2c5ec03ae457b75,Ubuntu 20.04,"Berlin, Germany",52.07,76.32,99.65,98.61,93.83,21.85,2.15,Mr. John Kirk,87d12dd1420f87de2561420ccda8616fec05b8ee2599b6706dc71789eba98459,b6a0e350f1244125ada9ec951a9f66cc05407f1d0a05c41725a22880e896bfad,2025-03-10 10:44:00,Normal,Normal,91.04166666666667
e23d12bf-d466-4dad-a9e8-1160501a3774,srv-cache03,a93c54119822b3ca716595b3a47639e1bc7e8aec3e293e705ef02798b1943865,Ubuntu 20.04,"Tokyo, Japan",99.11,38.0,45.17,121.76,140.89,22.2,1.8,Matthew Chase,a3d6346dc7a808b240dd734317aad39089a736a56feeb0a67daaa813b39f1455,1dea41b711fb716ef84befac522fce694ab35f0a0108e11a5e59ff355f89516f,2025-02-14 17:02:00,Critical,Normal,92.5
a04ed20d-570f-41b7-b415-bc2db9d920e6,srv-analytics01,310b8065366b233bb5939e73f5386e8769fa0cbfb9b36bf07f5f9c3d8b2a1139,Red Hat Enterprise Linux,"Sydney, Australia",86.93,21.38,37.57,62.98,66.25,18.76,5.24,Shaun Montoya,56344a480f32a31239d4d6601c1ceed104fe2a7dd8e39ae356f172b1685b961b,22a5d1202d9ea386ce599f8de3ae89bfeb38989ba4cb59badb07f1d52ce777f2,2025-01-26 19:34:00,Critical,Normal,78.16666666666667
6e9038e5-ef70-4e8b-a4dc-70f97cd521a1,srv-cache02,a559113a8cefe4d2576dbeab1ad1e51c810dbaab6e336d8021afee85db1c5a38,Ubuntu 20.04,"Sydney, Australia",79.6,31.69,68.42,33.07,31.03,20.08,3.92,Christopher Powell,c7e1b442f1c1761b4f352feb6b952a49bd9eea671c2507f50e3535b2fa8e17ac,0ee53bd4e75dc84deb593cbe50e172f1a5018d8f49041b6ce9eafe80aded1f72,2025-03-05 01:31:00,Normal,Normal,83.66666666666666
60d53c28-062e-4801-8f61-900dd245c7e0,srv-analytics02,a1f87cdb46aaee25000fa59ab94aa6263ac4b54bf470ee1dc2f36468162d7b9a,Red Hat Enterprise Linux,"Sydney, Australia",70.5,24.34,47.01,22.01,138.32,18.06,5.94,Kristine Johnson,ca6860a8ebacd18d21ee82101ddf0fac63d9fd729583b3a08a622cc2d9b14b0b,ac1125e65b174dc19a3870025e2adf09609ebac5f9cb30d840369c9f9b245256,2025-02-24 01:09:00,Normal,Normal,75.25
85762351-9c83-4fe4-ba39-259ea4a82ba0,srv-backup01,72570f8340cd58395d22a8fa29a3a9cb5b8466f325192d6327a4af9a97b9bafa,Windows Server 2019,"New York, USA",94.53,99.19,56.77,94.02,45.79,18.51,5.49,Justin Mccarthy,48a4315ad1527581a982255de3c0e6bf79376f7ef71a49574db8a9582f92612b,b76d6c70ae6bef1aaa5b3541430d8577cf4f6d1d076c56a20cd1c0af0e705499,2025-03-13 05:38:00,Critical,Critical,77.12500000000001
09d5a8a9-bd36-47a5-b851-07e5a865ce34,srv-api03,2becc7e8e711983a72a232c0af41c2ab3b1c8142d8fedba6096bc136b5a71327,Windows Server 2022,"Berlin, Germany",87.52,41.03,70.97,84.5,75.52,19.6,4.4,Troy Baker,359b33e988345b107af1daa609cceaba0d4c0e0b2006cd70421889810d79b6f5,d3bf73c2ecd44b98166db72a53b55fe3865db255e364b66a42659247a2f98f85,2025-02-26 08:05:00,Critical,Normal,81.66666666666667
cced9fc9-6fce-4e78-a5f1-3b154254cffd,srv-web01,3c8d8c83b33ba3658a38249bc603a5030df99945bc0a31ae47d2a7ffdfc33e4e,Windows Server 2022,"Sydney, Australia",27.79,76.65,72.04,51.93,70.4,21.43,2.57,Crystal Lee,ce6b3c7e87894817491aab6cd33e8afc059cb61e6d0fcd3b21490d63f4f4a14f,08c9f495bce71d239ed6f59f4f710626e9259179ac354df08b6c5e40b1aa61dc,2025-02-20 12:26:00,Normal,Normal,89.29166666666667
e850ad2e-89fe-4437-a9e4-a083a1aff8ac,srv-analytics01,70693533de616c9ea050f1bb4180713f8aba8624fd4c96a4892c2b65d00b5fa1,Windows Server 2019,"Berlin, Germany",74.75,95.98,62.51,119.84,77.28,21.61,2.39,Michael Cox,2a50bc39bc9301746e10af03ac84f1c5787dc346546099abde7232b7c1c9ef36,a7ffc7c0f8b41f9d0af02c1982a292192390ec9d9ab750b702851914dc27c5d0,2025-03-13 15:27:00,Normal,Critical,90.04166666666666
5cc7672a-5ebf-45b0-955a-52a34cf2bbbd,srv-api03,cfe9bf4fd01a3dd8c5db3a789c75b8f56626beb6edbfa26422374adbafebb7b4,CentOS 8,"Berlin, Germany",14.66,50.73,87.11,14.3,102.04,18.22,5.78,Nathaniel Carrillo,fa4df36946e537bcd1f7988e2723b0afa827e93832afe3552d288dafff13ded4,5ecc3af6d47313fbd95df64a7f53c87aaafb14dcf456f33bd5b196cf6b04373a,2025-01-29 08:04:00,Normal,Normal,75.91666666666667
d40d5d4e-e228-4915-b716-550ebfdf8fe0,srv-cache02,65c29350b79706c599de2ac29fc2092df7d48b44adf28c0693ad39064451d342,Red Hat Enterprise Linux,"London, UK",29.67,21.27,57.16,103.75,126.44,21.16,2.84,Jennifer Wright,64f1717b34cbd6f51e7f1a30532af1eb5bf9bc86852f58fdeba806f3e5303c7f,01bc5df1ea62d38ab0068f00a693a648344dc8f6cb125573179c893f99df75d8,2025-02-14 20:47:00,Normal,Normal,88.16666666666667
855a4030-4f71-4e78-a3df-2b0d4cc2f866,srv-backup03,583d357b8e01624dcf13a01869aa902c311de4c40ac82e3061b3f8681cd4fd99,CentOS 8,"London, UK",49.54,50.49,62.94,98.98,30.79,21.76,2.24,Monica Ramirez,fcbfc17357818bfe7b8b8a6fec05bfae7b2a03757b881ac8c62378007caadd72,68ef3d8a50daf07d3c8b6fa54e48eb387d9b1403104f4b0b8565fd349efb37a8,2025-01-27 10:07:00,Normal,Normal,90.66666666666667
63d69c6d-8b9a-493d-acce-689781b567ef,srv-api02,9f071bd6371ebc910903b0c1eea588c50873917293d271d25ce3d6c72b7d5e65,Ubuntu 20.04,"New York, USA",39.25,96.08,25.89,82.07,101.65,19.5,4.5,Sharon Walsh,215686cf86e31db1e6a37942435b9d950761f9e482832b2ae531004ce33dcd8f,868c94f5f23a3fdcdec67c37a70212446314aeb9552974f93d8f3e6ff9ec1062,2025-03-04 17:22:00,Normal,Critical,81.25
0959611f-38cb-420e-8e54-87de77b37e17,srv-analytics02,6d1511525ba0c3c28a5224153bc3e7e23ec261ff748e585b7d1d4a0e58cba4d0,Red Hat Enterprise Linux,"Berlin, Germany",34.84,54.65,35.88,37.23,124.98,22.4,1.6,Matthew Boyle,0c82c6a93e71378103ea9e9c3a91f43bed9cd8f5640a443373ae746f6d9009d7,8796df11663b3c4c5ee9ac5ef0f1442ce84531ceab2347b13891bf3cc1aa3e72,2025-02-02 05:36:00,Normal,Normal,93.33333333333333
10004a69-09d9-42c3-aeac-4f85cde41e39,srv-analytics03,c352787ce7ddba9a3c28e145222fd89fa487baf0c159b2fa102a5fee767eae44,Red Hat Enterprise Linux,"Sydney, Australia",12.21,63.89,12.34,48.5,132.37,20.38,3.62,Brandon Jimenez,dfd96499dabed57fd778ebfb34b6c5bc361c29bb534591bf409b74c62116ad0c,7c2b1140c1994716ea6b890bfd4bdac20a5e8e36fae1b8350994929cb8e86a92,2025-01-20 09:48:00,Normal,Normal,84.91666666666666
d34faa52-807a-4e2d-ac97-b259d1aa8896,srv-analytics03,b915d13a4b8a26e0f1b6ee08a156ac20279c41a1c77dea6c303ea97723ac7240,Red Hat Enterprise Linux,"Tokyo, Japan",75.8,40.61,17.16,71.09,101.87,20.91,3.09,Sheryl Jones,bf83c0917bfcdd1e9f393a8ac504b19f8a92f0d1d243d6206f1aca323332a814,b807b4332a6dd982a83db4c601f7ed48d15c214f6e68beb842d64b5b01417d12,2025-01-17 11:05:00,Normal,Normal,87.125
c717b341-11e6-4ab7-b0f6-75fe8f9e51d4,srv-app02,674acef572d4e130d16f69e0788ff5e52159c996cff7449557ea7ed33a552240,Windows Server 2022,"London, UK",81.79,94.95,60.7,45.57,47.14,22.95,1.05,Steven Myers,9caf55d802354cc6d4d50882309a7d22da1862e8b2dbaf814e182288c9dc5123,45923c3c588b9b92f947b7732f5868b3cd497a37568249d9855401b0ed453a21,2025-03-05 22:49:00,Normal,Critical,95.625
4748daa4-86cf-4c28-a21b-9866c86edced,srv-backup01,3dee77da103140b95a19a66fd7604635a26653772b9483c0bbe5176fbda3ddf3,Red Hat Enterprise Linux,"London, UK",68.02,94.66,20.72,129.38,18.47,22.77,1.23,Henry Robinson,b32cf57a05feeb330f0e0c92ad89ea744969a9de0e2168a859f73349a79a42c9,f7ecc9a1c06dfee4d0918be09649a96d78c292d5718354533d2e33c7aa142a03,2025-01-31 18:29:00,Normal,Critical,94.875
ad737c08-386f-4394-9ad2-76c244861bb8,srv-web02,a025199a7333ffb95af496ea2aee0adad9c4c4728dd39d4fea4ee5d3e794794d,Red Hat Enterprise Linux,"London, UK",46.58,55.13,50.7,18.46,10.27,19.55,4.45,Lisa Howard,0f623a41fb545e8218648deeef49cb6ebe6a4b5b85124dcc740ebf9fb110dabb,79c15232d49a2b33d1df2e2aedfa035a40318f0b9dd6f8b16eda329139c69f58,2025-02-27 19:13:00,Normal,Normal,81.45833333333333
c62af951-7f42-4cc8-b459-ac44464c9656,srv-app01,c29040457a898f29ee5d45a9ef58ed4fdef2bb89e9b1a4b360a74620307b3e95,CentOS 8,"London, UK",67.54,78.05,34.91,111.3,75.55,20.91,3.09,James Schroeder,15f72b79edc31181a84dc76ef913bf26cc37cae38f8d4bad73ce013fe6942a7f,a368666fccd6751f2683b4dadee64203bae0bcc3c7fe4ad3596df166ff961e67,2025-02-23 21:51:00,Normal,Normal,87.125
a975ea7d-612e-4b54-a20e-4859db1b044e,srv-cache01,a4be1b52d58fbd2edba20362d238e2fc8372512731f415193883978afbec6980,CentOS 8,"New York, USA",38.21,54.61,64.27,108.34,111.48,18.67,5.33,Carmen Lee,0d93bde629a91b687eec289d23e43db0ef5976bff752dd53364184e15666f69e,6edb8052881ee601174c8886c7b0a9661f1af1c7ae1188534d061781ac9f4573,2025-01-18 02:41:00,Normal,Normal,77.79166666666667
2c052f16-fe45-4915-9d65-d908d77a0da5,srv-cache01,e44fcbb3483b50e8e5843f670de0e850a99b073444ba8862c1e5eef2993b29b7,Windows Server 2022,"London, UK",89.41,60.74,92.42,149.66,89.83,21.63,2.37,Seth Butler,261fc6342edbf938089963dbd0f5a1d6eff46195e6c6d7a455ec6b1351054347,64dfc450862318ed247b3a7f92444f85fe682968bcaf399fff7900974c15b8e0,2025-03-03 11:46:00,Critical,Normal,90.125
66d1ee4b-ab2b-486a-8faf-28ca0787e6ae,srv-api02,5737387206f4458c5faa82447cf66ff57b1d8cede86095ce57c96fceca1cf1b6,Windows Server 2019,"London, UK",74.22,80.94,58.35,133.08,144.37,18.51,5.49,Juan Medina,76e14c71f20405e346df631777a42e76bc9ca92438c465e1a1a2f8b6e1dd2739,663d16c3c3c7524fa538f3cdfbdae94cb856e94b43ca2a53166124a7fc5a5f3b,2025-03-09 03:24:00,Normal,Normal,77.12500000000001
e30f9fc0-033b-4340-8f7b-01026f93bc40,srv-analytics01,5fde6cbdc2bc0d60aa1f0fb32919d01f75be9f3eaff8a4f5910ff1dfcdd4d2b2,CentOS 8,"Tokyo, Japan",69.25,23.94,15.84,102.26,43.46,22.24,1.76,Kathleen Foster,b77665eee698a4f21fac76fc77958c711e50908058810ae152ec37ec9577fed8,43d499bcb91c387daa3238069ca1672d879ef20025d416b03170477f187464c9,2025-02-28 07:45:00,Normal,Normal,92.66666666666666
d7bbd8fa-273b-4086-9a29-58362e1d0c5e,srv-analytics02,69f6388e8222f0881ee2e1f1cd8741e4127b367c0b3278a849b8b269a97c637c,Red Hat Enterprise Linux,"Berlin, Germany",95.05,37.24,34.24,105.1,90.4,22.85,1.15,Cody Nash,7542b058d71232c2d1e248319660749eb76da239be70f806d8db0bad28a375c9,c7062d5bda664e74aa0d22f6dc9e979dbf98aa842a16f52f506a48073605dccc,2025-01-29 17:22:00,Critical,Normal,95.20833333333334
59a64c0f-3002-4b0a-a740-5c77f29ef92a,srv-cache02,95fd412a3f41c8ee9dba9d57bbdcb60849735fdd084b7b2581fa5f19ea3ab79f,CentOS 8,"Tokyo, Japan",87.16,95.57,11.74,11.52,123.48,22.03,1.97,Eric Rodriguez,df62096c6afc3adf75560ee9a22e78bdb1e1fb7a3f89bd42681af73d16932ef3,6cfcc6d0086dfe78c3d4cd170f80be81a11610230e682ad2159909445c93725f,2025-01-16 22:53:00,Critical,Critical,91.79166666666667
a34fb851-d6ad-4e4c-bb0e-3aa4ef013c31,srv-web01,31486362a0dfbd6ec35e9a8845fca1831a5c6cf3169461dae268ff6ef7c2d9c8,CentOS 8,"Tokyo, Japan",93.89,20.35,81.49,62.59,90.21,18.19,5.81,Amanda Baker,85bf52d21af65500a8f2a393fcfc35117aeca8485d0b17c33b9bfddfb5423854,276323b6c4d8adfa8d93152dc0cb345343d0284f1a6812987cf717beed611264,2025-02-02 04:07:00,Critical,Normal,75.79166666666667
f76ce17a-4713-47dd-a9bb-3eb20caa74d7,srv-app03,9bf3f7005b31847b496e0ba6af4020eadafaa1572999e57e7174c9ef00374a3a,Red Hat Enterprise Linux,"Tokyo, Japan",55.06,98.0,67.77,108.48,87.9,19.85,4.15,Emily Martinez,ae60e410f6391a5d5265ace2f0d68ffe97524a31fd5d320b628a0582797ad14a,357890c5a077de38f9a32b4e59cbcf60786e6122930fb671185c7d9473d87fc2,2025-01-28 16:27:00,Normal,Critical,82.70833333333334
bbebda33-f016-4746-96bd-cbd3c5d12474,srv-web02,c9b4a232363251c6ef59acc2f0bed8e462c152a0ddf25ba1a8077903cf183f0d,Windows Server 2019,"London, UK",96.17,87.71,54.77,127.19,58.43,20.49,3.51,Amanda Allen,1321cb6d63f1ce384e1ae56fbb08aa9140593bc29d64b643eba8eb6af3e75daf,4b9052f4ec8eef3381badca96a089dd95f0bf70e06b7b8d0aebc98171bd09595,2025-02-23 03:56:00,Critical,Normal,85.37499999999999
05dcde9e-836e-4169-b3dc-519478cbafa0,srv-database01,d94e8ab3e33601b4e24d6ebe238ec55c75f3b2e23df049d832f989cdb9f2da62,Red Hat Enterprise Linux,"Sydney, Australia",46.02,31.73,48.49,60.4,83.46,19.54,4.46,Eric Marshall,2240ec3ecaef1e1a395e270e38ab7fca8288f8b6d7b86acf9bcdfcad3bc22fed,035a6fa0b6c1ad9225b9c8b2b4ceaf5eed00d36df9239b8fc0ca9da4ae9f8d77,2025-03-02 23:18:00,Normal,Normal,81.41666666666666
37b6384b-fca5-4a5a-9aa3-1c6ee8b70eb6,srv-backup01,de174a48c02a707c467515df6b16f24ba0811c90bae6962bdee612fc5e64ed82,Windows Server 2022,"Sydney, Australia",40.14,51.37,79.7,125.12,118.58,22.07,1.93,Ivan White,6e6ebfb486d8617a2ea43b7a23c6471b411f11a057e809ff0d8f2c0380ea3f19,7989a3b2e2b3872d4f24763eb192057b270c292191c26a103e3e2721bbc3f0bd,2025-03-12 23:57:00,Normal,Normal,91.95833333333333
198b38ac-dc7e-4638-8521-744dc7121841,srv-backup02,53980e2bb84ff084e05f587b8405d48e66fabea3d8acdae32f283ff1fe02afbb,Windows Server 2019,"London, UK",84.99,27.63,31.48,80.96,143.79,19.98,4.02,Jessica Ferguson,f080e0ed4015cfa3437c088633987748248de1b641dfacfba50255c8e9a10a72,151a720120bf04e7bec9ca1b13a3466311387d18bde4d2e2217b68285c949e38,2025-03-03 19:10:00,Normal,Normal,83.25
92985510-2e8d-4950-871d-cf7bcf97d2ba,srv-backup03,f4689574e7dd7332f03d2283796326208b641dd7dcccff71b82696e0fdc546aa,CentOS 8,"London, UK",56.94,97.67,66.99,140.65,133.77,22.46,1.54,Anna Castro,a3f9dc880aa213610b76841ada0823dd61506ae4dc5b7ad2e75cfe081ffe7495,15a8aa6de6048ee267ac2c1804716ffc3757483cbfa1cc11d2ff4d9bc068c3f8,2025-02-07 22:39:00,Normal,Critical,93.58333333333334
b07f4016-f4ba-4ab7-9a46-b61d34e7c4fd,srv-app03,269df9b21ff87d26a2d824d9709a83efd99b4eb193855b2e87d331f7aacdb084,Red Hat Enterprise Linux,"Berlin, Germany",32.23,35.58,84.78,107.46,136.27,21.13,2.87,Katherine Brown,136cf6da134b92991055755e4f2ffb86611ca7614f2e03cb9ba145c916c8feb4,16799c69d7b26f3937b0539dbee887cc0e2d3024883aacd1322891a0380aeffe,2025-03-06 06:17:00,Normal,Normal,88.04166666666666
b1ab8a73-a0ed-464f-9434-b9b61b078bc1,srv-analytics01,8be764e2dac238b461ce22f03154261affd30efd0b16382c56cbbb9d9b8479d6,Ubuntu 20.04,"Berlin, Germany",77.94,78.72,82.27,93.26,79.81,18.12,5.88,Bernard Palmer,4c29a6d539e04df9d7adcd629e1c5827ec672069912b7175a38d67643c6485b2,b2c7c95f9a5830b7efb801cad59fcc4e52c8dd79b562f5d60775ea863576f885,2025-02-01 09:46:00,Normal,Normal,75.5
77221383-3c1b-4d84-81e1-93e7e48d4cd3,srv-cache02,23db36b37f6c621c574136df4f150e9451d297c4517cbea5fe893da0e9588f10,Windows Server 2019,"London, UK",65.92,92.77,97.18,66.39,43.06,22.13,1.87,William Rivera,35f3c03890c288e423350b817fcf63149e5233b1381bbb674fa8f3dc20a96bb3,71cc72e29b6ec6e63925a9989b2e7dd5c5892ef1080447b0bcae28af970011c9,2025-03-02 14:54:00,Normal,Critical,92.20833333333333
ec162a69-23ba-499c-be6c-756885b7bd9e,srv-analytics01,3c6967541e5964b6866c9db6093d982d202a8fcfe75a484ed08e22d9f0451fe8,Windows Server 2019,"Tokyo, Japan",98.81,61.65,61.26,85.21,20.52,22.22,1.78,Danielle Davis,4f93601c4525afb1e02658c283b19f7a3818b9e4d542f0b63e26c60dad2ec9c8,60b59f75829f6d4ef4c153cd1fe06ec5bc6e89e24c4c8122b3e662d09a0ce7f2,2025-01-16 08:27:00,Critical,Normal,92.58333333333333
da4e5cb3-aa02-442e-b10f-df5dceeade29,srv-cache03,7d13eb5a18e6465cd4704bb56612fd933c68da969e9d7635dc66962475757fa4,Red Hat Enterprise Linux,"New York, USA",29.93,58.53,61.66,24.07,121.94,21.42,2.58,Barbara Jones,43fa809fff66604a268768b9fced84fbd1174a1a417274bfe53355f6eca4bfd8,41d2fadbe08c7f51ca16573798ae44665b5a3cf9a855f0edfe15f6d95ac5ed6d,2025-02-21 15:26:00,Normal,Normal,89.25
7e42e194-cb8a-46b6-b0a7-1af143e897e9,srv-web03,9f8ab89350cdece0dabfb594b8ac23afa202bb3d61c8b9e9234d791f47e4bafd,CentOS 8,"London, UK",81.48,51.27,17.22,12.14,73.7,19.13,4.87,Abigail Fitzgerald,d10a4c5fac9ce5eeb612eff4a2817d1c8347db61d9488bf75489e7fe3f1fc4ed,8d807c22e0708e0c0a0f7833684404b01bd44c621f77f8293d4db9710bea6e6c,2025-01-29 09:02:00,Normal,Normal,79.70833333333333
a203bde4-e7da-4eb8-a9c7-9dbe4bde4d35,srv-database01,b091f2f1a95cefc09a79677e4c12f025a8bd79133f848c041201379b5b0f60cb,CentOS 8,"Berlin, Germany",15.0,99.92,23.65,36.83,29.57,21.31,2.69,Melissa Wallace,43f219be426be02424df78449eed9647e118f8178e746ff8a6035c54dc73265d,9f8d1edebdc63088f1c7bdb42e4b2e00016d51eda2a95db2b056ba3b86f64e6e,2025-01-23 21:34:00,Normal,Critical,88.79166666666666
a6212f18-0993-4f4f-ab4d-6fc3452bde64,srv-web02,d916ccf0569701dead6b21a3962d12acd79b22eb0041351a90116d8bda046114,Windows Server 2022,"Berlin, Germany",55.46,83.42,61.89,90.53,25.47,21.22,2.78,Catherine Wise,69622825f090529ff6e5cd4d5d18c73cf961656acb416c649452df7a67587bc4,b810968d242ae58b529b1c8fa99fc56b34c1fcb9881c9e22477ef8b3266b7309,2025-01-16 18:42:00,Normal,Normal,88.41666666666667
451bd625-de81-4328-984d-26aed6baf88c,srv-api01,2fbd34f26acdad20b8f3ab4fac50bb1aeaf4fb4cae1cdd2693b6360ee68b8b5d,Windows Server 2019,"Sydney, Australia",30.02,53.13,90.09,65.44,63.08,22.53,1.47,Frank Stephens,9fc9fc837ba482f82d4546f73f843398c9ba259a87bbbca8ffd696064895e5ed,8047059f0f01078dcd6e7914448b49022c23053a43d6dbb07d3527c60b7160e6,2025-02-08 12:06:00,Normal,Normal,93.87500000000001
714f10b7-91a8-4728-b27d-f982fd35b101,srv-web03,cd69e7b555c4fe4424c0d3ab2f335dbbc64ceb779053e20df89e6f1e6f3cb1cd,CentOS 8,"New York, USA",92.56,24.03,91.96,143.46,112.34,19.85,4.15,Susan Smith DDS,f61d92fad5fac67cea9af91ae175f5a7127ee9575b6eabf7bfb05da07b0b26c4,21ceffd6c55b7d47efcc5c8ace5f21e02257e1860aaf91a0262829d46aaa5004,2025-02-14 08:19:00,Critical,Normal,82.70833333333334
671aef4e-ab70-4634-a523-885c8d9b333d,srv-cache02,6c0267a6599f1d9080b97e7065488b34a309262d3103d062e3c482cabe2a0590,Windows Server 2019,"Sydney, Australia",81.95,76.54,42.47,46.25,101.56,21.36,2.64,Angel Macdonald,10466f3b8047b1a02824a9b307a3439a89744875b250def5566a937348f35051,82432c00929bfa4edcbfa29d12e7ccbc3c7c8fea38cf44a53ae76af7eddc6c9e,2025-02-06 04:14:00,Normal,Normal,89.0
e819bc67-e07e-4a6b-8c8c-fb47d8051cf4,srv-backup03,51e830c7b1d8ac47ccefc044595aec16c640f4fd9315c410a8e60aa2446d64df,Windows Server 2022,"New York, USA",24.44,49.87,66.71,136.72,139.29,21.99,2.01,Nathan Medina,6bebb89c434d93a02d730db4d1309d417d8f3b445a3879ab85cb814ce1acdf62,989265a9de699ae6d0ee361ea2b0a42110dfbc45e7da1c89eb18371b8a03822d,2025-03-14 20:29:00,Normal,Normal,91.62499999999999
c4c04d3b-6a47-4024-986f-f8b76ffdcae8,srv-analytics01,bba973bf5f51046202f0ed103154f931bedbccfc7ceb2a135b33e65a42bbf538,Windows Server 2019,"New York, USA",45.31,74.71,17.27,123.36,29.74,21.97,2.03,Jack Mitchell,48f93e5d200818dea5027b372303c593463791213cf17ce7ab122a4de4192558,3438a238fa91d841cd1a76f2fd9426963a51b078223caddd001ace8cef697f7b,2025-01-29 20:22:00,Normal,Normal,91.54166666666667
d8f0cf61-f31e-4286-9f25-2ce96916a72a,srv-analytics02,c26d03598bdbf1ee0d5ec3819d68f74d8765b1839c1be03f0e18d94bf1202783,Red Hat Enterprise Linux,"Sydney, Australia",55.66,76.23,51.54,126.03,87.42,18.67,5.33,Taylor Molina,5000e96fb156107455cdcf07bb0b2416ec1117380638478e8369f67addd4bd8f,2ff96aca0828e20b274adc607579036e60bfc619e160c4c09a98aee2ffc79843,2025-03-12 03:28:00,Normal,Normal,77.79166666666667
5a77948a-5cc1-471e-997c-95f80ed78679,srv-database01,e7bf8510e161d4e388c4e1dfe0ac8670a4edce1d97f5c58a9348598fb6068dee,Windows Server 2022,"New York, USA",91.63,80.79,10.09,42.1,84.02,20.21,3.79,Shannon Barber,5b221e68db32ac74aaffe33c3f07fdd213f0b70a55dead386f2dc51559ed9f23,344e481d0bad726717be62bfb63e8ec183b149f1dd3375b74cd57a601a7f90d0,2025-03-02 17:02:00,Critical,Normal,84.20833333333334
46ffa7e8-428b-4778-96e6-66c8aa51469c,srv-database02,c81b8352e50ee2b299a37ec187ee9ad74bbd3320b16b85284cdb4284dbc9514f,Windows Server 2022,"Tokyo, Japan",87.9,90.72,34.53,124.49,26.63,21.46,2.54,Christopher Grant,cbd16e549814026d5f1de9357fe202f328c4cfe57e7711cabd182f27a8a60bef,e41c8e69c35731d03bcecfe1590c0dd059376c7bdaa2ae33e9828bc34c110cb2,2025-01-31 09:01:00,Critical,Critical,89.41666666666667
696ff579-ee3d-4cef-8773-9f10c4d93177,srv-analytics03,0ba03e1ed85e41222b1a6a29ea920c99b9845ae4530234afa44fdbe3fe51c138,Red Hat Enterprise Linux,"New York, USA",60.7,39.35,79.5,110.42,100.62,20.97,3.03,Patricia Stewart,fe0be6dd4b4aa2b4c32bc6f31d4b67ebf1fa66fbfde4c40317dd59975f566220,3775b213d9a85d4184a2015b2f8b9ff2e66d838522f67de21a23d811ab14d31c,2025-01-21 12:50:00,Normal,Normal,87.37499999999999
83a57f24-e401-4d56-815a-c47625229af5,srv-analytics01,16729509aecbb5f96bc8333ca8f63bbb96f01f59baf44c888a9f7c50355c871b,Red Hat Enterprise Linux,"New York, USA",20.21,33.62,45.55,79.43,88.92,22.55,1.45,Jason Flowers,2f3328b7344a6d9a7d1f5fd04a3192ae63f84ca689f904338a9d967ba69cbdc2,7d63449ce3e417b161115d0259149d711ef721393a3df5fc9c883993aa415750,2025-01-23 01:12:00,Normal,Normal,93.95833333333333
ef567390-224e-46de-b73e-94bf73b423f4,srv-app03,0dea4057a8a9b32671c66b93a6f68d61450ed1ed7d13fce0e5affe4453f29343,CentOS 8,"Berlin, Germany",41.75,61.17,56.39,94.93,118.58,18.8,5.2,Gary Fuller,7beff70397960e430b8e5994308b69b8a14a336d66dd1af283c8708f89a42740,33db12308e6957b0729a6ce1d05b5dc2c02e923c5248905914a4abc5b2073a07,2025-01-24 15:54:00,Normal,Normal,78.33333333333333
cb5c8985-02c4-4f93-a8ef-5fe1215dbb78,srv-database03,797fa12db61c1caed294039c4290b9f58b3eff60831b6e2357fe210547a133a2,CentOS 8,"London, UK",64.97,42.13,69.63,141.1,16.34,22.09,1.91,Robert Velazquez,43c2afb574b8785727e64dd2c31cdef9d9a50e4e5738e910ed5e94816240fc8b,364f025d5fff6d66245a28190364bec9b468b29f2c840d0bcab54cc10ff568b4,2025-01-16 12:35:00,Normal,Normal,92.04166666666667
81cdfbc7-debd-45e3-9de2-366a9009aff4,srv-backup01,965b2a4d358cd4cb6fecffcb0d3f20552f88bfad4c48c8690bab70c9bf70f0a6,Red Hat Enterprise Linux,"New York, USA",49.22,81.51,19.98,119.39,33.84,18.97,5.03,Leah Ross,b9a09e26a5ad2d9ca37ae0569eef97ce9efa3411b6a78bfa01b9324ae0958a4f,036d826d6dd934750509d7f84c2e4d9b6443c009c5af6dad7eaadcc8881c798e,2025-01-18 04:59:00,Normal,Normal,79.04166666666667
e9c0a339-658d-4887-bdfc-1b6086ce1807,srv-database01,4e677b82b7ce3f317f617ef730e6dc0fbce73ed901a23b6ac911fb1534ae522f,Red Hat Enterprise Linux,"Sydney, Australia",64.16,65.34,38.51,57.87,104.9,21.35,2.65,Jake Thompson,c318e7eaf4c1c4add9b1bd91c7df363f2c073e88a6802dd2489058ffa80f56ab,7d90e4cbaa365a5d4605d14b25002fb86f49cc3f6cf1aa64a8b261fce0f2751d,2025-01-25 14:09:00,Normal,Normal,88.95833333333334
4cf43079-bfc2-4fe8-97f6-4e43918307cb,srv-backup03,35dcab809fc9c1444e4dff88fc1ac519f5cf36c80139de79626c737166d13b7b,Windows Server 2022,"Tokyo, Japan",68.63,43.19,40.2,35.55,14.8,21.77,2.23,Riley Smith,85446bce2f40ad6ababaed1cd3ed7be5e77bdad888ef1aa03ac576a631575422,83e4ed8f7e08dfc2c0d6cbac9306d76474ba7602c7e69b7b5812272c9aad7fc1,2025-01-28 23:50:00,Normal,Normal,90.70833333333333
59ff4908-2394-4f4b-b9ce-d402a8b64355,srv-web03,e5098f64cb24c4062bad3c68832cca63cd22ec0e0190a5413d1db48aa850f500,Windows Server 2019,"Tokyo, Japan",71.41,48.28,70.28,109.23,53.62,22.74,1.26,Michael Mcintyre,67a1bcaf9d814b8c02383e2e293b7c0a7872ea2314878da44562c5a353dfe67d,a529bd07581b6c58b0ae44cf747b9488d90f91757dc34beb0d6c0c0acb7a7684,2025-02-17 23:20:00,Normal,Normal,94.74999999999999
2a5e4119-aac6-43b2-a966-facc92dc657e,srv-cache02,9af707223943b11bb3eaae55c0c0b709ac8ab4be0872286fc61e465b3ecc2eb8,Windows Server 2019,"London, UK",46.32,97.77,26.87,145.98,15.94,18.7,5.3,Kimberly Livingston,28690e2f41ebf833c3a2844f957ce2e8f5a71c43b926721ea9c82f49dec94753,a9612bb7b0aeb4d1ec158906a1c40429639ca06b062415e3ecc87dab299a28b6,2025-01-22 23:35:00,Normal,Critical,77.91666666666667
d361bcc7-83ea-4a11-b112-d86c1205ce15,srv-cache02,d563b2a8acdc50b51de8534f18153e4a8e476b817859f60dd18a7a141d1c52a4,Windows Server 2022,"New York, USA",15.27,91.39,76.5,90.72,133.31,19.37,4.63,Kathleen Rivera,b5b695c2952b093474999732dd4c256729e026daacbbe79ef752c43e39278fd6,50a50023caedcdb4e77800584992710edcccf1e24ff5dfe2ce5de0963c4bd30f,2025-01-15 01:43:00,Normal,Critical,80.70833333333334
